asset,date_time,component,guid,path,filename
F02,2025-07-01 00:00:00,,,C:\Falcker\cloud\falcker\AI\OlieDetectie\Willem_set\Alles\202507014-F02.jpeg,202507014-F02.jpeg
F03,2025-07-01 00:00:00,,,C:\Falcker\cloud\falcker\AI\OlieDetectie\Willem_set\Alles\202507014-F03.jpeg,202507014-F03.jpeg
F04,2025-07-01 00:00:00,,,C:\Falcker\cloud\falcker\AI\OlieDetectie\Willem_set\Alles\202507014-F04.jpeg,202507014-F04.jpeg
F05,2025-07-01 00:00:00,,,C:\Falcker\cloud\falcker\AI\OlieDetectie\Willem_set\Alles\202507014-F05.jpeg,202507014-F05.jpeg
F06,2025-07-01 00:00:00,,,C:\Falcker\cloud\falcker\AI\OlieDetectie\Willem_set\Alles\202507014-F06.jpeg,202507014-F06.jpeg
F07,2025-07-01 00:00:00,,,C:\Falcker\cloud\falcker\AI\OlieDetectie\Willem_set\Alles\202507014-F07.jpeg,202507014-F07.jpeg
F08,2025-07-01 00:00:00,,,C:\Falcker\cloud\falcker\AI\OlieDetectie\Willem_set\Alles\202507014-F08.jpeg,202507014-F08.jpeg
F09,2025-07-01 00:00:00,,,C:\Falcker\cloud\falcker\AI\OlieDetectie\Willem_set\Alles\202507014-F09.jpeg,202507014-F09.jpeg
F11,2025-07-01 00:00:00,,,C:\Falcker\cloud\falcker\AI\OlieDetectie\Willem_set\Alles\202507014-F11.jpeg,202507014-F11.jpeg
F12,2025-07-01 00:00:00,,,C:\Falcker\cloud\falcker\AI\OlieDetectie\Willem_set\Alles\202507014-F12.jpeg,202507014-F12.jpeg
F13,2025-07-01 00:00:00,,,C:\Falcker\cloud\falcker\AI\OlieDetectie\Willem_set\Alles\202507014-F13.jpeg,202507014-F13.jpeg
F14,2025-07-01 00:00:00,,,C:\Falcker\cloud\falcker\AI\OlieDetectie\Willem_set\Alles\202507014-F14.jpeg,202507014-F14.jpeg
F15,2025-07-01 00:00:00,,,C:\Falcker\cloud\falcker\AI\OlieDetectie\Willem_set\Alles\202507014-F15.jpeg,202507014-F15.jpeg
F51,2025-07-01 00:00:00,,,C:\Falcker\cloud\falcker\AI\OlieDetectie\Willem_set\Alles\202507014-F51.jpeg,202507014-F51.jpeg
F52,2025-07-01 00:00:00,,,C:\Falcker\cloud\falcker\AI\OlieDetectie\Willem_set\Alles\202507014-F52.jpeg,202507014-F52.jpeg
F53,2025-07-01 00:00:00,,,C:\Falcker\cloud\falcker\AI\OlieDetectie\Willem_set\Alles\202507014-F53.jpeg,202507014-F53.jpeg
F61,2025-07-01 00:00:00,,,C:\Falcker\cloud\falcker\AI\OlieDetectie\Willem_set\Alles\202507014-F61.jpeg,202507014-F61.jpeg
F62,2025-07-01 00:00:00,,,C:\Falcker\cloud\falcker\AI\OlieDetectie\Willem_set\Alles\202507014-F62.jpeg,202507014-F62.jpeg
F63,2025-07-01 00:00:00,,,C:\Falcker\cloud\falcker\AI\OlieDetectie\Willem_set\Alles\202507014-F63.jpeg,202507014-F63.jpeg
F64,2025-07-01 00:00:00,,,C:\Falcker\cloud\falcker\AI\OlieDetectie\Willem_set\Alles\202507014-F64.jpeg,202507014-F64.jpeg
F02,2025-07-02 00:00:00,,,C:\Falcker\cloud\falcker\AI\OlieDetectie\Willem_set\Alles\20250702-F02.jpeg,20250702-F02.jpeg
F03,2025-07-02 00:00:00,,,C:\Falcker\cloud\falcker\AI\OlieDetectie\Willem_set\Alles\20250702-F03.jpeg,20250702-F03.jpeg
F04,2025-07-02 00:00:00,,,C:\Falcker\cloud\falcker\AI\OlieDetectie\Willem_set\Alles\20250702-F04.jpeg,20250702-F04.jpeg
F05,2025-07-02 00:00:00,,,C:\Falcker\cloud\falcker\AI\OlieDetectie\Willem_set\Alles\20250702-F05.jpeg,20250702-F05.jpeg
F06,2025-07-02 00:00:00,,,C:\Falcker\cloud\falcker\AI\OlieDetectie\Willem_set\Alles\20250702-F06.jpeg,20250702-F06.jpeg
F07,2025-07-02 00:00:00,,,C:\Falcker\cloud\falcker\AI\OlieDetectie\Willem_set\Alles\20250702-F07.jpeg,20250702-F07.jpeg
F08,2025-07-02 00:00:00,,,C:\Falcker\cloud\falcker\AI\OlieDetectie\Willem_set\Alles\20250702-F08.jpeg,20250702-F08.jpeg
F09,2025-07-02 00:00:00,,,C:\Falcker\cloud\falcker\AI\OlieDetectie\Willem_set\Alles\20250702-F09.jpeg,20250702-F09.jpeg
F11,2025-07-02 00:00:00,,,C:\Falcker\cloud\falcker\AI\OlieDetectie\Willem_set\Alles\20250702-F11.jpeg,20250702-F11.jpeg
F12,2025-07-02 00:00:00,,,C:\Falcker\cloud\falcker\AI\OlieDetectie\Willem_set\Alles\20250702-F12.jpeg,20250702-F12.jpeg
F13,2025-07-02 00:00:00,,,C:\Falcker\cloud\falcker\AI\OlieDetectie\Willem_set\Alles\20250702-F13.jpeg,20250702-F13.jpeg
F14,2025-07-02 00:00:00,,,C:\Falcker\cloud\falcker\AI\OlieDetectie\Willem_set\Alles\20250702-F14.jpeg,20250702-F14.jpeg
F15,2025-07-02 00:00:00,,,C:\Falcker\cloud\falcker\AI\OlieDetectie\Willem_set\Alles\20250702-F15.jpeg,20250702-F15.jpeg
F51,2025-07-02 00:00:00,,,C:\Falcker\cloud\falcker\AI\OlieDetectie\Willem_set\Alles\20250702-F51.jpeg,20250702-F51.jpeg
F52,2025-07-02 00:00:00,,,C:\Falcker\cloud\falcker\AI\OlieDetectie\Willem_set\Alles\20250702-F52.jpeg,20250702-F52.jpeg
F53,2025-07-02 00:00:00,,,C:\Falcker\cloud\falcker\AI\OlieDetectie\Willem_set\Alles\20250702-F53.jpeg,20250702-F53.jpeg
F61,2025-07-02 00:00:00,,,C:\Falcker\cloud\falcker\AI\OlieDetectie\Willem_set\Alles\20250702-F61.jpeg,20250702-F61.jpeg
F62,2025-07-02 00:00:00,,,C:\Falcker\cloud\falcker\AI\OlieDetectie\Willem_set\Alles\20250702-F62.jpeg,20250702-F62.jpeg
F63,2025-07-02 00:00:00,,,C:\Falcker\cloud\falcker\AI\OlieDetectie\Willem_set\Alles\20250702-F63.jpeg,20250702-F63.jpeg
F64,2025-07-02 00:00:00,,,C:\Falcker\cloud\falcker\AI\OlieDetectie\Willem_set\Alles\20250702-F64.jpeg,20250702-F64.jpeg
F02,2025-07-03 00:00:00,,,C:\Falcker\cloud\falcker\AI\OlieDetectie\Willem_set\Alles\20250703-F02.jpeg,20250703-F02.jpeg
F03,2025-07-03 00:00:00,,,C:\Falcker\cloud\falcker\AI\OlieDetectie\Willem_set\Alles\20250703-F03.jpeg,20250703-F03.jpeg
F04,2025-07-03 00:00:00,,,C:\Falcker\cloud\falcker\AI\OlieDetectie\Willem_set\Alles\20250703-F04.jpeg,20250703-F04.jpeg
F05,2025-07-03 00:00:00,,,C:\Falcker\cloud\falcker\AI\OlieDetectie\Willem_set\Alles\20250703-F05.jpeg,20250703-F05.jpeg
F06,2025-07-03 00:00:00,,,C:\Falcker\cloud\falcker\AI\OlieDetectie\Willem_set\Alles\20250703-F06.jpeg,20250703-F06.jpeg
F07,2025-07-03 00:00:00,,,C:\Falcker\cloud\falcker\AI\OlieDetectie\Willem_set\Alles\20250703-F07.jpeg,20250703-F07.jpeg
F08,2025-07-03 00:00:00,,,C:\Falcker\cloud\falcker\AI\OlieDetectie\Willem_set\Alles\20250703-F08.jpeg,20250703-F08.jpeg
F09,2025-07-03 00:00:00,,,C:\Falcker\cloud\falcker\AI\OlieDetectie\Willem_set\Alles\20250703-F09.jpeg,20250703-F09.jpeg
F11,2025-07-03 00:00:00,,,C:\Falcker\cloud\falcker\AI\OlieDetectie\Willem_set\Alles\20250703-F11.jpeg,20250703-F11.jpeg
F12,2025-07-03 00:00:00,,,C:\Falcker\cloud\falcker\AI\OlieDetectie\Willem_set\Alles\20250703-F12.jpeg,20250703-F12.jpeg
F13,2025-07-03 00:00:00,,,C:\Falcker\cloud\falcker\AI\OlieDetectie\Willem_set\Alles\20250703-F13.jpeg,20250703-F13.jpeg
F14,2025-07-03 00:00:00,,,C:\Falcker\cloud\falcker\AI\OlieDetectie\Willem_set\Alles\20250703-F14.jpeg,20250703-F14.jpeg
F15,2025-07-03 00:00:00,,,C:\Falcker\cloud\falcker\AI\OlieDetectie\Willem_set\Alles\20250703-F15.jpeg,20250703-F15.jpeg
F51,2025-07-03 00:00:00,,,C:\Falcker\cloud\falcker\AI\OlieDetectie\Willem_set\Alles\20250703-F51.jpeg,20250703-F51.jpeg
F52,2025-07-03 00:00:00,,,C:\Falcker\cloud\falcker\AI\OlieDetectie\Willem_set\Alles\20250703-F52.jpeg,20250703-F52.jpeg
F53,2025-07-03 00:00:00,,,C:\Falcker\cloud\falcker\AI\OlieDetectie\Willem_set\Alles\20250703-F53.jpeg,20250703-F53.jpeg
F61,2025-07-03 00:00:00,,,C:\Falcker\cloud\falcker\AI\OlieDetectie\Willem_set\Alles\20250703-F61.jpeg,20250703-F61.jpeg
F62,2025-07-03 00:00:00,,,C:\Falcker\cloud\falcker\AI\OlieDetectie\Willem_set\Alles\20250703-F62.jpeg,20250703-F62.jpeg
F63,2025-07-03 00:00:00,,,C:\Falcker\cloud\falcker\AI\OlieDetectie\Willem_set\Alles\20250703-F63.jpeg,20250703-F63.jpeg
F64,2025-07-03 00:00:00,,,C:\Falcker\cloud\falcker\AI\OlieDetectie\Willem_set\Alles\20250703-F64.jpeg,20250703-F64.jpeg
F02,2025-07-04 00:00:00,,,C:\Falcker\cloud\falcker\AI\OlieDetectie\Willem_set\Alles\20250704-F02.jpeg,20250704-F02.jpeg
F03,2025-07-04 00:00:00,,,C:\Falcker\cloud\falcker\AI\OlieDetectie\Willem_set\Alles\20250704-F03.jpeg,20250704-F03.jpeg
F04,2025-07-04 00:00:00,,,C:\Falcker\cloud\falcker\AI\OlieDetectie\Willem_set\Alles\20250704-F04.jpeg,20250704-F04.jpeg
F05,2025-07-04 00:00:00,,,C:\Falcker\cloud\falcker\AI\OlieDetectie\Willem_set\Alles\20250704-F05.jpeg,20250704-F05.jpeg
F06,2025-07-04 00:00:00,,,C:\Falcker\cloud\falcker\AI\OlieDetectie\Willem_set\Alles\20250704-F06.jpeg,20250704-F06.jpeg
F07,2025-07-04 00:00:00,,,C:\Falcker\cloud\falcker\AI\OlieDetectie\Willem_set\Alles\20250704-F07.jpeg,20250704-F07.jpeg
F08,2025-07-04 00:00:00,,,C:\Falcker\cloud\falcker\AI\OlieDetectie\Willem_set\Alles\20250704-F08.jpeg,20250704-F08.jpeg
F09,2025-07-04 00:00:00,,,C:\Falcker\cloud\falcker\AI\OlieDetectie\Willem_set\Alles\20250704-F09.jpeg,20250704-F09.jpeg
F11,2025-07-04 00:00:00,,,C:\Falcker\cloud\falcker\AI\OlieDetectie\Willem_set\Alles\20250704-F11.jpeg,20250704-F11.jpeg
F12,2025-07-04 00:00:00,,,C:\Falcker\cloud\falcker\AI\OlieDetectie\Willem_set\Alles\20250704-F12.jpeg,20250704-F12.jpeg
F13,2025-07-04 00:00:00,,,C:\Falcker\cloud\falcker\AI\OlieDetectie\Willem_set\Alles\20250704-F13.jpeg,20250704-F13.jpeg
F14,2025-07-04 00:00:00,,,C:\Falcker\cloud\falcker\AI\OlieDetectie\Willem_set\Alles\20250704-F14.jpeg,20250704-F14.jpeg
F15,2025-07-04 00:00:00,,,C:\Falcker\cloud\falcker\AI\OlieDetectie\Willem_set\Alles\20250704-F15.jpeg,20250704-F15.jpeg
F51,2025-07-04 00:00:00,,,C:\Falcker\cloud\falcker\AI\OlieDetectie\Willem_set\Alles\20250704-F51.jpeg,20250704-F51.jpeg
F52,2025-07-04 00:00:00,,,C:\Falcker\cloud\falcker\AI\OlieDetectie\Willem_set\Alles\20250704-F52.jpeg,20250704-F52.jpeg
F53,2025-07-04 00:00:00,,,C:\Falcker\cloud\falcker\AI\OlieDetectie\Willem_set\Alles\20250704-F53.jpeg,20250704-F53.jpeg
F61,2025-07-04 00:00:00,,,C:\Falcker\cloud\falcker\AI\OlieDetectie\Willem_set\Alles\20250704-F61.jpeg,20250704-F61.jpeg
F62,2025-07-04 00:00:00,,,C:\Falcker\cloud\falcker\AI\OlieDetectie\Willem_set\Alles\20250704-F62.jpeg,20250704-F62.jpeg
F63,2025-07-04 00:00:00,,,C:\Falcker\cloud\falcker\AI\OlieDetectie\Willem_set\Alles\20250704-F63.jpeg,20250704-F63.jpeg
F64,2025-07-04 00:00:00,,,C:\Falcker\cloud\falcker\AI\OlieDetectie\Willem_set\Alles\20250704-F64.jpeg,20250704-F64.jpeg
F02,2025-07-07 00:00:00,,,C:\Falcker\cloud\falcker\AI\OlieDetectie\Willem_set\Alles\20250707-F02.jpeg,20250707-F02.jpeg
F03,2025-07-07 00:00:00,,,C:\Falcker\cloud\falcker\AI\OlieDetectie\Willem_set\Alles\20250707-F03.jpeg,20250707-F03.jpeg
F04,2025-07-07 00:00:00,,,C:\Falcker\cloud\falcker\AI\OlieDetectie\Willem_set\Alles\20250707-F04.jpeg,20250707-F04.jpeg
F05,2025-07-07 00:00:00,,,C:\Falcker\cloud\falcker\AI\OlieDetectie\Willem_set\Alles\20250707-F05.jpeg,20250707-F05.jpeg
F06,2025-07-07 00:00:00,,,C:\Falcker\cloud\falcker\AI\OlieDetectie\Willem_set\Alles\20250707-F06.jpeg,20250707-F06.jpeg
F07,2025-07-07 00:00:00,,,C:\Falcker\cloud\falcker\AI\OlieDetectie\Willem_set\Alles\20250707-F07.jpeg,20250707-F07.jpeg
F08,2025-07-07 00:00:00,,,C:\Falcker\cloud\falcker\AI\OlieDetectie\Willem_set\Alles\20250707-F08.jpeg,20250707-F08.jpeg
F09,2025-07-07 00:00:00,,,C:\Falcker\cloud\falcker\AI\OlieDetectie\Willem_set\Alles\20250707-F09.jpeg,20250707-F09.jpeg
F11,2025-07-07 00:00:00,,,C:\Falcker\cloud\falcker\AI\OlieDetectie\Willem_set\Alles\20250707-F11.jpeg,20250707-F11.jpeg
F12,2025-07-07 00:00:00,,,C:\Falcker\cloud\falcker\AI\OlieDetectie\Willem_set\Alles\20250707-F12.jpeg,20250707-F12.jpeg
F13,2025-07-07 00:00:00,,,C:\Falcker\cloud\falcker\AI\OlieDetectie\Willem_set\Alles\20250707-F13.jpeg,20250707-F13.jpeg
F14,2025-07-07 00:00:00,,,C:\Falcker\cloud\falcker\AI\OlieDetectie\Willem_set\Alles\20250707-F14.jpeg,20250707-F14.jpeg
F15,2025-07-07 00:00:00,,,C:\Falcker\cloud\falcker\AI\OlieDetectie\Willem_set\Alles\20250707-F15.jpeg,20250707-F15.jpeg
F51,2025-07-07 00:00:00,,,C:\Falcker\cloud\falcker\AI\OlieDetectie\Willem_set\Alles\20250707-F51.jpeg,20250707-F51.jpeg
F52,2025-07-07 00:00:00,,,C:\Falcker\cloud\falcker\AI\OlieDetectie\Willem_set\Alles\20250707-F52.jpeg,20250707-F52.jpeg
F53,2025-07-07 00:00:00,,,C:\Falcker\cloud\falcker\AI\OlieDetectie\Willem_set\Alles\20250707-F53.jpeg,20250707-F53.jpeg
F61,2025-07-07 00:00:00,,,C:\Falcker\cloud\falcker\AI\OlieDetectie\Willem_set\Alles\20250707-F61.jpeg,20250707-F61.jpeg
F62,2025-07-07 00:00:00,,,C:\Falcker\cloud\falcker\AI\OlieDetectie\Willem_set\Alles\20250707-F62.jpeg,20250707-F62.jpeg
F63,2025-07-07 00:00:00,,,C:\Falcker\cloud\falcker\AI\OlieDetectie\Willem_set\Alles\20250707-F63.jpeg,20250707-F63.jpeg
F64,2025-07-07 00:00:00,,,C:\Falcker\cloud\falcker\AI\OlieDetectie\Willem_set\Alles\20250707-F64.jpeg,20250707-F64.jpeg
F02,2025-07-08 00:00:00,,,C:\Falcker\cloud\falcker\AI\OlieDetectie\Willem_set\Alles\20250708-F02.jpeg,20250708-F02.jpeg
F03,2025-07-08 00:00:00,,,C:\Falcker\cloud\falcker\AI\OlieDetectie\Willem_set\Alles\20250708-F03.jpeg,20250708-F03.jpeg
F04,2025-07-08 00:00:00,,,C:\Falcker\cloud\falcker\AI\OlieDetectie\Willem_set\Alles\20250708-F04.jpeg,20250708-F04.jpeg
F05,2025-07-08 00:00:00,,,C:\Falcker\cloud\falcker\AI\OlieDetectie\Willem_set\Alles\20250708-F05.jpeg,20250708-F05.jpeg
F06,2025-07-08 00:00:00,,,C:\Falcker\cloud\falcker\AI\OlieDetectie\Willem_set\Alles\20250708-F06.jpeg,20250708-F06.jpeg
F08,2025-07-08 00:00:00,,,C:\Falcker\cloud\falcker\AI\OlieDetectie\Willem_set\Alles\20250708-F08.jpeg,20250708-F08.jpeg
F09,2025-07-08 00:00:00,,,C:\Falcker\cloud\falcker\AI\OlieDetectie\Willem_set\Alles\20250708-F09.jpeg,20250708-F09.jpeg
F11,2025-07-08 00:00:00,,,C:\Falcker\cloud\falcker\AI\OlieDetectie\Willem_set\Alles\20250708-F11.jpeg,20250708-F11.jpeg
F12,2025-07-08 00:00:00,,,C:\Falcker\cloud\falcker\AI\OlieDetectie\Willem_set\Alles\20250708-F12.jpeg,20250708-F12.jpeg
F13,2025-07-08 00:00:00,,,C:\Falcker\cloud\falcker\AI\OlieDetectie\Willem_set\Alles\20250708-F13.jpeg,20250708-F13.jpeg
F14,2025-07-08 00:00:00,,,C:\Falcker\cloud\falcker\AI\OlieDetectie\Willem_set\Alles\20250708-F14.jpeg,20250708-F14.jpeg
F15,2025-07-08 00:00:00,,,C:\Falcker\cloud\falcker\AI\OlieDetectie\Willem_set\Alles\20250708-F15.jpeg,20250708-F15.jpeg
F51,2025-07-08 00:00:00,,,C:\Falcker\cloud\falcker\AI\OlieDetectie\Willem_set\Alles\20250708-F51.jpeg,20250708-F51.jpeg
F52,2025-07-08 00:00:00,,,C:\Falcker\cloud\falcker\AI\OlieDetectie\Willem_set\Alles\20250708-F52.jpeg,20250708-F52.jpeg
F53,2025-07-08 00:00:00,,,C:\Falcker\cloud\falcker\AI\OlieDetectie\Willem_set\Alles\20250708-F53.jpeg,20250708-F53.jpeg
F61,2025-07-08 00:00:00,,,C:\Falcker\cloud\falcker\AI\OlieDetectie\Willem_set\Alles\20250708-F61.jpeg,20250708-F61.jpeg
F62,2025-07-08 00:00:00,,,C:\Falcker\cloud\falcker\AI\OlieDetectie\Willem_set\Alles\20250708-F62.jpeg,20250708-F62.jpeg
F63,2025-07-08 00:00:00,,,C:\Falcker\cloud\falcker\AI\OlieDetectie\Willem_set\Alles\20250708-F63.jpeg,20250708-F63.jpeg
F64,2025-07-08 00:00:00,,,C:\Falcker\cloud\falcker\AI\OlieDetectie\Willem_set\Alles\20250708-F64.jpeg,20250708-F64.jpeg
F02,2025-07-09 00:00:00,,,C:\Falcker\cloud\falcker\AI\OlieDetectie\Willem_set\Alles\20250709-F02.jpeg,20250709-F02.jpeg
F03,2025-07-09 00:00:00,,,C:\Falcker\cloud\falcker\AI\OlieDetectie\Willem_set\Alles\20250709-F03.jpeg,20250709-F03.jpeg
F04,2025-07-09 00:00:00,,,C:\Falcker\cloud\falcker\AI\OlieDetectie\Willem_set\Alles\20250709-F04.jpeg,20250709-F04.jpeg
F05,2025-07-09 00:00:00,,,C:\Falcker\cloud\falcker\AI\OlieDetectie\Willem_set\Alles\20250709-F05.jpeg,20250709-F05.jpeg
F06,2025-07-09 00:00:00,,,C:\Falcker\cloud\falcker\AI\OlieDetectie\Willem_set\Alles\20250709-F06.jpeg,20250709-F06.jpeg
F07,2025-07-09 00:00:00,,,C:\Falcker\cloud\falcker\AI\OlieDetectie\Willem_set\Alles\20250709-F07.jpeg,20250709-F07.jpeg
F08,2025-07-09 00:00:00,,,C:\Falcker\cloud\falcker\AI\OlieDetectie\Willem_set\Alles\20250709-F08.jpeg,20250709-F08.jpeg
F09,2025-07-09 00:00:00,,,C:\Falcker\cloud\falcker\AI\OlieDetectie\Willem_set\Alles\20250709-F09.jpeg,20250709-F09.jpeg
F11,2025-07-09 00:00:00,,,C:\Falcker\cloud\falcker\AI\OlieDetectie\Willem_set\Alles\20250709-F11.jpeg,20250709-F11.jpeg
F12,2025-07-09 00:00:00,,,C:\Falcker\cloud\falcker\AI\OlieDetectie\Willem_set\Alles\20250709-F12.jpeg,20250709-F12.jpeg
F13,2025-07-09 00:00:00,,,C:\Falcker\cloud\falcker\AI\OlieDetectie\Willem_set\Alles\20250709-F13.jpeg,20250709-F13.jpeg
F14,2025-07-09 00:00:00,,,C:\Falcker\cloud\falcker\AI\OlieDetectie\Willem_set\Alles\20250709-F14.jpeg,20250709-F14.jpeg
F15,2025-07-09 00:00:00,,,C:\Falcker\cloud\falcker\AI\OlieDetectie\Willem_set\Alles\20250709-F15.jpeg,20250709-F15.jpeg
F51,2025-07-09 00:00:00,,,C:\Falcker\cloud\falcker\AI\OlieDetectie\Willem_set\Alles\20250709-F51.jpeg,20250709-F51.jpeg
F52,2025-07-09 00:00:00,,,C:\Falcker\cloud\falcker\AI\OlieDetectie\Willem_set\Alles\20250709-F52.jpeg,20250709-F52.jpeg
F53,2025-07-09 00:00:00,,,C:\Falcker\cloud\falcker\AI\OlieDetectie\Willem_set\Alles\20250709-F53.jpeg,20250709-F53.jpeg
F61,2025-07-09 00:00:00,,,C:\Falcker\cloud\falcker\AI\OlieDetectie\Willem_set\Alles\20250709-F61.jpeg,20250709-F61.jpeg
F62,2025-07-09 00:00:00,,,C:\Falcker\cloud\falcker\AI\OlieDetectie\Willem_set\Alles\20250709-F62.jpeg,20250709-F62.jpeg
F63,2025-07-09 00:00:00,,,C:\Falcker\cloud\falcker\AI\OlieDetectie\Willem_set\Alles\20250709-F63.jpeg,20250709-F63.jpeg
F64,2025-07-09 00:00:00,,,C:\Falcker\cloud\falcker\AI\OlieDetectie\Willem_set\Alles\20250709-F64.jpeg,20250709-F64.jpeg
F02,2025-07-10 00:00:00,,,C:\Falcker\cloud\falcker\AI\OlieDetectie\Willem_set\Alles\20250710-F02.jpeg,20250710-F02.jpeg
F03,2025-07-10 00:00:00,,,C:\Falcker\cloud\falcker\AI\OlieDetectie\Willem_set\Alles\20250710-F03.jpeg,20250710-F03.jpeg
F04,2025-07-10 00:00:00,,,C:\Falcker\cloud\falcker\AI\OlieDetectie\Willem_set\Alles\20250710-F04.jpeg,20250710-F04.jpeg
F05,2025-07-10 00:00:00,,,C:\Falcker\cloud\falcker\AI\OlieDetectie\Willem_set\Alles\20250710-F05.jpeg,20250710-F05.jpeg
F06,2025-07-10 00:00:00,,,C:\Falcker\cloud\falcker\AI\OlieDetectie\Willem_set\Alles\20250710-F06.jpeg,20250710-F06.jpeg
F07,2025-07-10 00:00:00,,,C:\Falcker\cloud\falcker\AI\OlieDetectie\Willem_set\Alles\20250710-F07.jpeg,20250710-F07.jpeg
F08,2025-07-10 00:00:00,,,C:\Falcker\cloud\falcker\AI\OlieDetectie\Willem_set\Alles\20250710-F08.jpeg,20250710-F08.jpeg
F09,2025-07-10 00:00:00,,,C:\Falcker\cloud\falcker\AI\OlieDetectie\Willem_set\Alles\20250710-F09.jpeg,20250710-F09.jpeg
F11,2025-07-10 00:00:00,,,C:\Falcker\cloud\falcker\AI\OlieDetectie\Willem_set\Alles\20250710-F11.jpeg,20250710-F11.jpeg
F12,2025-07-10 00:00:00,,,C:\Falcker\cloud\falcker\AI\OlieDetectie\Willem_set\Alles\20250710-F12.jpeg,20250710-F12.jpeg
F13,2025-07-10 00:00:00,,,C:\Falcker\cloud\falcker\AI\OlieDetectie\Willem_set\Alles\20250710-F13.jpeg,20250710-F13.jpeg
F14,2025-07-10 00:00:00,,,C:\Falcker\cloud\falcker\AI\OlieDetectie\Willem_set\Alles\20250710-F14.jpeg,20250710-F14.jpeg
F15,2025-07-10 00:00:00,,,C:\Falcker\cloud\falcker\AI\OlieDetectie\Willem_set\Alles\20250710-F15.jpeg,20250710-F15.jpeg
F51,2025-07-10 00:00:00,,,C:\Falcker\cloud\falcker\AI\OlieDetectie\Willem_set\Alles\20250710-F51.jpeg,20250710-F51.jpeg
F52,2025-07-10 00:00:00,,,C:\Falcker\cloud\falcker\AI\OlieDetectie\Willem_set\Alles\20250710-F52.jpeg,20250710-F52.jpeg
F53,2025-07-10 00:00:00,,,C:\Falcker\cloud\falcker\AI\OlieDetectie\Willem_set\Alles\20250710-F53.jpeg,20250710-F53.jpeg
F61,2025-07-10 00:00:00,,,C:\Falcker\cloud\falcker\AI\OlieDetectie\Willem_set\Alles\20250710-F61.jpeg,20250710-F61.jpeg
F62,2025-07-10 00:00:00,,,C:\Falcker\cloud\falcker\AI\OlieDetectie\Willem_set\Alles\20250710-F62.jpeg,20250710-F62.jpeg
F63,2025-07-10 00:00:00,,,C:\Falcker\cloud\falcker\AI\OlieDetectie\Willem_set\Alles\20250710-F63.jpeg,20250710-F63.jpeg
F64,2025-07-10 00:00:00,,,C:\Falcker\cloud\falcker\AI\OlieDetectie\Willem_set\Alles\20250710-F64.jpeg,20250710-F64.jpeg
F02,2025-07-11 00:00:00,,,C:\Falcker\cloud\falcker\AI\OlieDetectie\Willem_set\Alles\20250711-F02.jpeg,20250711-F02.jpeg
F03,2025-07-11 00:00:00,,,C:\Falcker\cloud\falcker\AI\OlieDetectie\Willem_set\Alles\20250711-F03.jpeg,20250711-F03.jpeg
F04,2025-07-11 00:00:00,,,C:\Falcker\cloud\falcker\AI\OlieDetectie\Willem_set\Alles\20250711-F04.jpeg,20250711-F04.jpeg
F05,2025-07-11 00:00:00,,,C:\Falcker\cloud\falcker\AI\OlieDetectie\Willem_set\Alles\20250711-F05.jpeg,20250711-F05.jpeg
F06,2025-07-11 00:00:00,,,C:\Falcker\cloud\falcker\AI\OlieDetectie\Willem_set\Alles\20250711-F06.jpeg,20250711-F06.jpeg
F07,2025-07-11 00:00:00,,,C:\Falcker\cloud\falcker\AI\OlieDetectie\Willem_set\Alles\20250711-F07.jpeg,20250711-F07.jpeg
F08,2025-07-11 00:00:00,,,C:\Falcker\cloud\falcker\AI\OlieDetectie\Willem_set\Alles\20250711-F08.jpeg,20250711-F08.jpeg
F09,2025-07-11 00:00:00,,,C:\Falcker\cloud\falcker\AI\OlieDetectie\Willem_set\Alles\20250711-F09.jpeg,20250711-F09.jpeg
F11,2025-07-11 00:00:00,,,C:\Falcker\cloud\falcker\AI\OlieDetectie\Willem_set\Alles\20250711-F11.jpeg,20250711-F11.jpeg
F12,2025-07-11 00:00:00,,,C:\Falcker\cloud\falcker\AI\OlieDetectie\Willem_set\Alles\20250711-F12.jpeg,20250711-F12.jpeg
F13,2025-07-11 00:00:00,,,C:\Falcker\cloud\falcker\AI\OlieDetectie\Willem_set\Alles\20250711-F13.jpeg,20250711-F13.jpeg
F14,2025-07-11 00:00:00,,,C:\Falcker\cloud\falcker\AI\OlieDetectie\Willem_set\Alles\20250711-F14.jpeg,20250711-F14.jpeg
F15,2025-07-11 00:00:00,,,C:\Falcker\cloud\falcker\AI\OlieDetectie\Willem_set\Alles\20250711-F15.jpeg,20250711-F15.jpeg
F51,2025-07-11 00:00:00,,,C:\Falcker\cloud\falcker\AI\OlieDetectie\Willem_set\Alles\20250711-F51.jpeg,20250711-F51.jpeg
F52,2025-07-11 00:00:00,,,C:\Falcker\cloud\falcker\AI\OlieDetectie\Willem_set\Alles\20250711-F52.jpeg,20250711-F52.jpeg
F53,2025-07-11 00:00:00,,,C:\Falcker\cloud\falcker\AI\OlieDetectie\Willem_set\Alles\20250711-F53.jpeg,20250711-F53.jpeg
F61,2025-07-11 00:00:00,,,C:\Falcker\cloud\falcker\AI\OlieDetectie\Willem_set\Alles\20250711-F61.jpeg,20250711-F61.jpeg
F62,2025-07-11 00:00:00,,,C:\Falcker\cloud\falcker\AI\OlieDetectie\Willem_set\Alles\20250711-F62.jpeg,20250711-F62.jpeg
F63,2025-07-11 00:00:00,,,C:\Falcker\cloud\falcker\AI\OlieDetectie\Willem_set\Alles\20250711-F63.jpeg,20250711-F63.jpeg
F64,2025-07-11 00:00:00,,,C:\Falcker\cloud\falcker\AI\OlieDetectie\Willem_set\Alles\20250711-F64.jpeg,20250711-F64.jpeg
F02,2025-07-15 00:00:00,,,C:\Falcker\cloud\falcker\AI\OlieDetectie\Willem_set\Alles\20250715-F02.jpeg,20250715-F02.jpeg
F03,2025-07-15 00:00:00,,,C:\Falcker\cloud\falcker\AI\OlieDetectie\Willem_set\Alles\20250715-F03.jpeg,20250715-F03.jpeg
F04,2025-07-15 00:00:00,,,C:\Falcker\cloud\falcker\AI\OlieDetectie\Willem_set\Alles\20250715-F04.jpeg,20250715-F04.jpeg
F05,2025-07-15 00:00:00,,,C:\Falcker\cloud\falcker\AI\OlieDetectie\Willem_set\Alles\20250715-F05.jpeg,20250715-F05.jpeg
F06,2025-07-15 00:00:00,,,C:\Falcker\cloud\falcker\AI\OlieDetectie\Willem_set\Alles\20250715-F06.jpeg,20250715-F06.jpeg
F07,2025-07-15 00:00:00,,,C:\Falcker\cloud\falcker\AI\OlieDetectie\Willem_set\Alles\20250715-F07.jpeg,20250715-F07.jpeg
F08,2025-07-15 00:00:00,,,C:\Falcker\cloud\falcker\AI\OlieDetectie\Willem_set\Alles\20250715-F08.jpeg,20250715-F08.jpeg
F09,2025-07-15 00:00:00,,,C:\Falcker\cloud\falcker\AI\OlieDetectie\Willem_set\Alles\20250715-F09.jpeg,20250715-F09.jpeg
F11,2025-07-15 00:00:00,,,C:\Falcker\cloud\falcker\AI\OlieDetectie\Willem_set\Alles\20250715-F11.jpeg,20250715-F11.jpeg
F12,2025-07-15 00:00:00,,,C:\Falcker\cloud\falcker\AI\OlieDetectie\Willem_set\Alles\20250715-F12.jpeg,20250715-F12.jpeg
F13,2025-07-15 00:00:00,,,C:\Falcker\cloud\falcker\AI\OlieDetectie\Willem_set\Alles\20250715-F13.jpeg,20250715-F13.jpeg
F14,2025-07-15 00:00:00,,,C:\Falcker\cloud\falcker\AI\OlieDetectie\Willem_set\Alles\20250715-F14.jpeg,20250715-F14.jpeg
F15,2025-07-15 00:00:00,,,C:\Falcker\cloud\falcker\AI\OlieDetectie\Willem_set\Alles\20250715-F15.jpeg,20250715-F15.jpeg
F51,2025-07-15 00:00:00,,,C:\Falcker\cloud\falcker\AI\OlieDetectie\Willem_set\Alles\20250715-F51-1.jpeg,20250715-F51-1.jpeg
F51,2025-07-15 00:00:00,,,C:\Falcker\cloud\falcker\AI\OlieDetectie\Willem_set\Alles\20250715-F51-2.jpeg,20250715-F51-2.jpeg
F52,2025-07-15 00:00:00,,,C:\Falcker\cloud\falcker\AI\OlieDetectie\Willem_set\Alles\20250715-F52.jpeg,20250715-F52.jpeg
F53,2025-07-15 00:00:00,,,C:\Falcker\cloud\falcker\AI\OlieDetectie\Willem_set\Alles\20250715-F53.jpeg,20250715-F53.jpeg
F61,2025-07-15 00:00:00,,,C:\Falcker\cloud\falcker\AI\OlieDetectie\Willem_set\Alles\20250715-F61.jpeg,20250715-F61.jpeg
F62,2025-07-15 00:00:00,,,C:\Falcker\cloud\falcker\AI\OlieDetectie\Willem_set\Alles\20250715-F62.jpeg,20250715-F62.jpeg
F63,2025-07-15 00:00:00,,,C:\Falcker\cloud\falcker\AI\OlieDetectie\Willem_set\Alles\20250715-F63.jpeg,20250715-F63.jpeg
F64,2025-07-15 00:00:00,,,C:\Falcker\cloud\falcker\AI\OlieDetectie\Willem_set\Alles\20250715-F64.jpeg,20250715-F64.jpeg
F02,2025-07-16 00:00:00,,,C:\Falcker\cloud\falcker\AI\OlieDetectie\Willem_set\Alles\20250716-F02.jpeg,20250716-F02.jpeg
F03,2025-07-16 00:00:00,,,C:\Falcker\cloud\falcker\AI\OlieDetectie\Willem_set\Alles\20250716-F03.jpeg,20250716-F03.jpeg
F04,2025-07-16 00:00:00,,,C:\Falcker\cloud\falcker\AI\OlieDetectie\Willem_set\Alles\20250716-F04.jpeg,20250716-F04.jpeg
F05,2025-07-16 00:00:00,,,C:\Falcker\cloud\falcker\AI\OlieDetectie\Willem_set\Alles\20250716-F05.jpeg,20250716-F05.jpeg
F06,2025-07-16 00:00:00,,,C:\Falcker\cloud\falcker\AI\OlieDetectie\Willem_set\Alles\20250716-F06.jpeg,20250716-F06.jpeg
F07,2025-07-16 00:00:00,,,C:\Falcker\cloud\falcker\AI\OlieDetectie\Willem_set\Alles\20250716-F07.jpeg,20250716-F07.jpeg
F08,2025-07-16 00:00:00,,,C:\Falcker\cloud\falcker\AI\OlieDetectie\Willem_set\Alles\20250716-F08.jpeg,20250716-F08.jpeg
F09,2025-07-16 00:00:00,,,C:\Falcker\cloud\falcker\AI\OlieDetectie\Willem_set\Alles\20250716-F09.jpeg,20250716-F09.jpeg
F11,2025-07-16 00:00:00,,,C:\Falcker\cloud\falcker\AI\OlieDetectie\Willem_set\Alles\20250716-F11.jpeg,20250716-F11.jpeg
F12,2025-07-16 00:00:00,,,C:\Falcker\cloud\falcker\AI\OlieDetectie\Willem_set\Alles\20250716-F12.jpeg,20250716-F12.jpeg
F13,2025-07-16 00:00:00,,,C:\Falcker\cloud\falcker\AI\OlieDetectie\Willem_set\Alles\20250716-F13.jpeg,20250716-F13.jpeg
F14,2025-07-16 00:00:00,,,C:\Falcker\cloud\falcker\AI\OlieDetectie\Willem_set\Alles\20250716-F14.jpeg,20250716-F14.jpeg
F15,2025-07-16 00:00:00,,,C:\Falcker\cloud\falcker\AI\OlieDetectie\Willem_set\Alles\20250716-F15.jpeg,20250716-F15.jpeg
F51,2025-07-16 00:00:00,,,C:\Falcker\cloud\falcker\AI\OlieDetectie\Willem_set\Alles\20250716-F51.jpeg,20250716-F51.jpeg
F52,2025-07-16 00:00:00,,,C:\Falcker\cloud\falcker\AI\OlieDetectie\Willem_set\Alles\20250716-F52.jpeg,20250716-F52.jpeg
F53,2025-07-16 00:00:00,,,C:\Falcker\cloud\falcker\AI\OlieDetectie\Willem_set\Alles\20250716-F53.jpeg,20250716-F53.jpeg
F61,2025-07-16 00:00:00,,,C:\Falcker\cloud\falcker\AI\OlieDetectie\Willem_set\Alles\20250716-F61.jpeg,20250716-F61.jpeg
F62,2025-07-16 00:00:00,,,C:\Falcker\cloud\falcker\AI\OlieDetectie\Willem_set\Alles\20250716-F62.jpeg,20250716-F62.jpeg
F63,2025-07-16 00:00:00,,,C:\Falcker\cloud\falcker\AI\OlieDetectie\Willem_set\Alles\20250716-F63.jpeg,20250716-F63.jpeg
F64,2025-07-16 00:00:00,,,C:\Falcker\cloud\falcker\AI\OlieDetectie\Willem_set\Alles\20250716-F64.jpeg,20250716-F64.jpeg
F02,2025-07-17 00:00:00,,,C:\Falcker\cloud\falcker\AI\OlieDetectie\Willem_set\Alles\20250717-F02.jpeg,20250717-F02.jpeg
F03,2025-07-17 00:00:00,,,C:\Falcker\cloud\falcker\AI\OlieDetectie\Willem_set\Alles\20250717-F03.jpeg,20250717-F03.jpeg
F04,2025-07-17 00:00:00,,,C:\Falcker\cloud\falcker\AI\OlieDetectie\Willem_set\Alles\20250717-F04.jpeg,20250717-F04.jpeg
F05,2025-07-17 00:00:00,,,C:\Falcker\cloud\falcker\AI\OlieDetectie\Willem_set\Alles\20250717-F05.jpeg,20250717-F05.jpeg
F06,2025-07-17 00:00:00,,,C:\Falcker\cloud\falcker\AI\OlieDetectie\Willem_set\Alles\20250717-F06.jpeg,20250717-F06.jpeg
F07,2025-07-17 00:00:00,,,C:\Falcker\cloud\falcker\AI\OlieDetectie\Willem_set\Alles\20250717-F07.jpeg,20250717-F07.jpeg
F08,2025-07-17 00:00:00,,,C:\Falcker\cloud\falcker\AI\OlieDetectie\Willem_set\Alles\20250717-F08.jpeg,20250717-F08.jpeg
F09,2025-07-17 00:00:00,,,C:\Falcker\cloud\falcker\AI\OlieDetectie\Willem_set\Alles\20250717-F09.jpeg,20250717-F09.jpeg
F11,2025-07-17 00:00:00,,,C:\Falcker\cloud\falcker\AI\OlieDetectie\Willem_set\Alles\20250717-F11.jpeg,20250717-F11.jpeg
F12,2025-07-17 00:00:00,,,C:\Falcker\cloud\falcker\AI\OlieDetectie\Willem_set\Alles\20250717-F12.jpeg,20250717-F12.jpeg
F13,2025-07-17 00:00:00,,,C:\Falcker\cloud\falcker\AI\OlieDetectie\Willem_set\Alles\20250717-F13.jpeg,20250717-F13.jpeg
F14,2025-07-17 00:00:00,,,C:\Falcker\cloud\falcker\AI\OlieDetectie\Willem_set\Alles\20250717-F14.jpeg,20250717-F14.jpeg
F15,2025-07-17 00:00:00,,,C:\Falcker\cloud\falcker\AI\OlieDetectie\Willem_set\Alles\20250717-F15.jpeg,20250717-F15.jpeg
F51,2025-07-17 00:00:00,,,C:\Falcker\cloud\falcker\AI\OlieDetectie\Willem_set\Alles\20250717-F51.jpeg,20250717-F51.jpeg
F52,2025-07-17 00:00:00,,,C:\Falcker\cloud\falcker\AI\OlieDetectie\Willem_set\Alles\20250717-F52.jpeg,20250717-F52.jpeg
F53,2025-07-17 00:00:00,,,C:\Falcker\cloud\falcker\AI\OlieDetectie\Willem_set\Alles\20250717-F53.jpeg,20250717-F53.jpeg
F61,2025-07-17 00:00:00,,,C:\Falcker\cloud\falcker\AI\OlieDetectie\Willem_set\Alles\20250717-F61.jpeg,20250717-F61.jpeg
F62,2025-07-17 00:00:00,,,C:\Falcker\cloud\falcker\AI\OlieDetectie\Willem_set\Alles\20250717-F62.jpeg,20250717-F62.jpeg
F63,2025-07-17 00:00:00,,,C:\Falcker\cloud\falcker\AI\OlieDetectie\Willem_set\Alles\20250717-F63.jpeg,20250717-F63.jpeg
F64,2025-07-17 00:00:00,,,C:\Falcker\cloud\falcker\AI\OlieDetectie\Willem_set\Alles\20250717-F64.jpeg,20250717-F64.jpeg
F02,2025-07-18 00:00:00,,,C:\Falcker\cloud\falcker\AI\OlieDetectie\Willem_set\Alles\20250718-F02.jpeg,20250718-F02.jpeg
F03,2025-07-18 00:00:00,,,C:\Falcker\cloud\falcker\AI\OlieDetectie\Willem_set\Alles\20250718-F03.jpeg,20250718-F03.jpeg
F04,2025-07-18 00:00:00,,,C:\Falcker\cloud\falcker\AI\OlieDetectie\Willem_set\Alles\20250718-F04.jpeg,20250718-F04.jpeg
F05,2025-07-18 00:00:00,,,C:\Falcker\cloud\falcker\AI\OlieDetectie\Willem_set\Alles\20250718-F05.jpeg,20250718-F05.jpeg
F06,2025-07-18 00:00:00,,,C:\Falcker\cloud\falcker\AI\OlieDetectie\Willem_set\Alles\20250718-F06.jpeg,20250718-F06.jpeg
F07,2025-07-18 00:00:00,,,C:\Falcker\cloud\falcker\AI\OlieDetectie\Willem_set\Alles\20250718-F07.jpeg,20250718-F07.jpeg
F08,2025-07-18 00:00:00,,,C:\Falcker\cloud\falcker\AI\OlieDetectie\Willem_set\Alles\20250718-F08.jpeg,20250718-F08.jpeg
F09,2025-07-18 00:00:00,,,C:\Falcker\cloud\falcker\AI\OlieDetectie\Willem_set\Alles\20250718-F09.jpeg,20250718-F09.jpeg
F11,2025-07-18 00:00:00,,,C:\Falcker\cloud\falcker\AI\OlieDetectie\Willem_set\Alles\20250718-F11.jpeg,20250718-F11.jpeg
F12,2025-07-18 00:00:00,,,C:\Falcker\cloud\falcker\AI\OlieDetectie\Willem_set\Alles\20250718-F12.jpeg,20250718-F12.jpeg
F13,2025-07-18 00:00:00,,,C:\Falcker\cloud\falcker\AI\OlieDetectie\Willem_set\Alles\20250718-F13.jpeg,20250718-F13.jpeg
F14,2025-07-18 00:00:00,,,C:\Falcker\cloud\falcker\AI\OlieDetectie\Willem_set\Alles\20250718-F14.jpeg,20250718-F14.jpeg
F15,2025-07-18 00:00:00,,,C:\Falcker\cloud\falcker\AI\OlieDetectie\Willem_set\Alles\20250718-F15.jpeg,20250718-F15.jpeg
F51,2025-07-18 00:00:00,,,C:\Falcker\cloud\falcker\AI\OlieDetectie\Willem_set\Alles\20250718-F51.jpeg,20250718-F51.jpeg
F52,2025-07-18 00:00:00,,,C:\Falcker\cloud\falcker\AI\OlieDetectie\Willem_set\Alles\20250718-F52.jpeg,20250718-F52.jpeg
F53,2025-07-18 00:00:00,,,C:\Falcker\cloud\falcker\AI\OlieDetectie\Willem_set\Alles\20250718-F53.jpeg,20250718-F53.jpeg
F61,2025-07-18 00:00:00,,,C:\Falcker\cloud\falcker\AI\OlieDetectie\Willem_set\Alles\20250718-F61.jpeg,20250718-F61.jpeg
F62,2025-07-18 00:00:00,,,C:\Falcker\cloud\falcker\AI\OlieDetectie\Willem_set\Alles\20250718-F62.jpeg,20250718-F62.jpeg
F63,2025-07-18 00:00:00,,,C:\Falcker\cloud\falcker\AI\OlieDetectie\Willem_set\Alles\20250718-F63.jpeg,20250718-F63.jpeg
F64,2025-07-18 00:00:00,,,C:\Falcker\cloud\falcker\AI\OlieDetectie\Willem_set\Alles\20250718-F64.jpeg,20250718-F64.jpeg
F02,2025-07-21 00:00:00,,,C:\Falcker\cloud\falcker\AI\OlieDetectie\Willem_set\Alles\20250721-F02.jpeg,20250721-F02.jpeg
F03,2025-07-21 00:00:00,,,C:\Falcker\cloud\falcker\AI\OlieDetectie\Willem_set\Alles\20250721-F03.jpeg,20250721-F03.jpeg
F04,2025-07-21 00:00:00,,,C:\Falcker\cloud\falcker\AI\OlieDetectie\Willem_set\Alles\20250721-F04.jpeg,20250721-F04.jpeg
F05,2025-07-21 00:00:00,,,C:\Falcker\cloud\falcker\AI\OlieDetectie\Willem_set\Alles\20250721-F05.jpeg,20250721-F05.jpeg
F06,2025-07-21 00:00:00,,,C:\Falcker\cloud\falcker\AI\OlieDetectie\Willem_set\Alles\20250721-F06.jpeg,20250721-F06.jpeg
F07,2025-07-21 00:00:00,,,C:\Falcker\cloud\falcker\AI\OlieDetectie\Willem_set\Alles\20250721-F07.jpeg,20250721-F07.jpeg
F08,2025-07-21 00:00:00,,,C:\Falcker\cloud\falcker\AI\OlieDetectie\Willem_set\Alles\20250721-F08.jpeg,20250721-F08.jpeg
F09,2025-07-21 00:00:00,,,C:\Falcker\cloud\falcker\AI\OlieDetectie\Willem_set\Alles\20250721-F09.jpeg,20250721-F09.jpeg
F11,2025-07-21 00:00:00,,,C:\Falcker\cloud\falcker\AI\OlieDetectie\Willem_set\Alles\20250721-F11.jpeg,20250721-F11.jpeg
F12,2025-07-21 00:00:00,,,C:\Falcker\cloud\falcker\AI\OlieDetectie\Willem_set\Alles\20250721-F12.jpeg,20250721-F12.jpeg
F13,2025-07-21 00:00:00,,,C:\Falcker\cloud\falcker\AI\OlieDetectie\Willem_set\Alles\20250721-F13.jpeg,20250721-F13.jpeg
F14,2025-07-21 00:00:00,,,C:\Falcker\cloud\falcker\AI\OlieDetectie\Willem_set\Alles\20250721-F14.jpeg,20250721-F14.jpeg
F15,2025-07-21 00:00:00,,,C:\Falcker\cloud\falcker\AI\OlieDetectie\Willem_set\Alles\20250721-F15.jpeg,20250721-F15.jpeg
F51,2025-07-21 00:00:00,Roof,,C:\Falcker\cloud\falcker\AI\OlieDetectie\Willem_set\Alles\20250721-F51-Roof-01.jpeg,20250721-F51-Roof-01.jpeg
F51,2025-07-21 00:00:00,Roof,,C:\Falcker\cloud\falcker\AI\OlieDetectie\Willem_set\Alles\20250721-F51-Roof-02.jpeg,20250721-F51-Roof-02.jpeg
F51,2025-07-21 00:00:00,Tankpit,,C:\Falcker\cloud\falcker\AI\OlieDetectie\Willem_set\Alles\20250721-F51-Tankpit-01.jpeg,20250721-F51-Tankpit-01.jpeg
F51,2025-07-21 00:00:00,Tankpit,,C:\Falcker\cloud\falcker\AI\OlieDetectie\Willem_set\Alles\20250721-F51-Tankpit-02.jpeg,20250721-F51-Tankpit-02.jpeg
F51,2025-07-21 00:00:00,Tankpit,,C:\Falcker\cloud\falcker\AI\OlieDetectie\Willem_set\Alles\20250721-F51-Tankpit-03.jpeg,20250721-F51-Tankpit-03.jpeg
F52,2025-07-21 00:00:00,,,C:\Falcker\cloud\falcker\AI\OlieDetectie\Willem_set\Alles\20250721-F52.jpeg,20250721-F52.jpeg
F53,2025-07-21 00:00:00,,,C:\Falcker\cloud\falcker\AI\OlieDetectie\Willem_set\Alles\20250721-F53.jpeg,20250721-F53.jpeg
F61,2025-07-21 00:00:00,,,C:\Falcker\cloud\falcker\AI\OlieDetectie\Willem_set\Alles\20250721-F61.jpeg,20250721-F61.jpeg
F62,2025-07-21 00:00:00,,,C:\Falcker\cloud\falcker\AI\OlieDetectie\Willem_set\Alles\20250721-F62.jpeg,20250721-F62.jpeg
F63,2025-07-21 00:00:00,,,C:\Falcker\cloud\falcker\AI\OlieDetectie\Willem_set\Alles\20250721-F63.jpeg,20250721-F63.jpeg
F64,2025-07-21 00:00:00,,,C:\Falcker\cloud\falcker\AI\OlieDetectie\Willem_set\Alles\20250721-F64.jpeg,20250721-F64.jpeg
F02,2025-07-22 00:00:00,,,C:\Falcker\cloud\falcker\AI\OlieDetectie\Willem_set\Alles\20250722-F02.jpeg,20250722-F02.jpeg
F03,2025-07-22 00:00:00,,,C:\Falcker\cloud\falcker\AI\OlieDetectie\Willem_set\Alles\20250722-F03.jpeg,20250722-F03.jpeg
F04,2025-07-22 00:00:00,,,C:\Falcker\cloud\falcker\AI\OlieDetectie\Willem_set\Alles\20250722-F04.jpeg,20250722-F04.jpeg
F05,2025-07-22 00:00:00,,,C:\Falcker\cloud\falcker\AI\OlieDetectie\Willem_set\Alles\20250722-F05.jpeg,20250722-F05.jpeg
F06,2025-07-22 00:00:00,,,C:\Falcker\cloud\falcker\AI\OlieDetectie\Willem_set\Alles\20250722-F06.jpeg,20250722-F06.jpeg
F07,2025-07-22 00:00:00,,,C:\Falcker\cloud\falcker\AI\OlieDetectie\Willem_set\Alles\20250722-F07.jpeg,20250722-F07.jpeg
F08,2025-07-22 00:00:00,,,C:\Falcker\cloud\falcker\AI\OlieDetectie\Willem_set\Alles\20250722-F08.jpeg,20250722-F08.jpeg
F09,2025-07-22 00:00:00,,,C:\Falcker\cloud\falcker\AI\OlieDetectie\Willem_set\Alles\20250722-F09.jpeg,20250722-F09.jpeg
F11,2025-07-22 00:00:00,,,C:\Falcker\cloud\falcker\AI\OlieDetectie\Willem_set\Alles\20250722-F11.jpeg,20250722-F11.jpeg
F12,2025-07-22 00:00:00,,,C:\Falcker\cloud\falcker\AI\OlieDetectie\Willem_set\Alles\20250722-F12.jpeg,20250722-F12.jpeg
F13,2025-07-22 00:00:00,,,C:\Falcker\cloud\falcker\AI\OlieDetectie\Willem_set\Alles\20250722-F13.jpeg,20250722-F13.jpeg
F14,2025-07-22 00:00:00,,,C:\Falcker\cloud\falcker\AI\OlieDetectie\Willem_set\Alles\20250722-F14.jpeg,20250722-F14.jpeg
F15,2025-07-22 00:00:00,,,C:\Falcker\cloud\falcker\AI\OlieDetectie\Willem_set\Alles\20250722-F15.jpeg,20250722-F15.jpeg
F51,2025-07-22 00:00:00,,,C:\Falcker\cloud\falcker\AI\OlieDetectie\Willem_set\Alles\20250722-F51-01.jpeg,20250722-F51-01.jpeg
F51,2025-07-22 00:00:00,,,C:\Falcker\cloud\falcker\AI\OlieDetectie\Willem_set\Alles\20250722-F51-02.jpeg,20250722-F51-02.jpeg
F51,2025-07-22 00:00:00,Tankpit,,C:\Falcker\cloud\falcker\AI\OlieDetectie\Willem_set\Alles\20250722-F51-Tankpit-01.jpeg,20250722-F51-Tankpit-01.jpeg
F51,2025-07-22 00:00:00,Tankpit,,C:\Falcker\cloud\falcker\AI\OlieDetectie\Willem_set\Alles\20250722-F51-Tankpit-02.jpeg,20250722-F51-Tankpit-02.jpeg
F51,2025-07-22 00:00:00,Tankpit,,C:\Falcker\cloud\falcker\AI\OlieDetectie\Willem_set\Alles\20250722-F51-Tankpit-03.jpeg,20250722-F51-Tankpit-03.jpeg
F52,2025-07-22 00:00:00,,,C:\Falcker\cloud\falcker\AI\OlieDetectie\Willem_set\Alles\20250722-F52.jpeg,20250722-F52.jpeg
F53,2025-07-22 00:00:00,,,C:\Falcker\cloud\falcker\AI\OlieDetectie\Willem_set\Alles\20250722-F53.jpeg,20250722-F53.jpeg
F61,2025-07-22 00:00:00,,,C:\Falcker\cloud\falcker\AI\OlieDetectie\Willem_set\Alles\20250722-F61.jpeg,20250722-F61.jpeg
F62,2025-07-22 00:00:00,,,C:\Falcker\cloud\falcker\AI\OlieDetectie\Willem_set\Alles\20250722-F62.jpeg,20250722-F62.jpeg
F63,2025-07-22 00:00:00,,,C:\Falcker\cloud\falcker\AI\OlieDetectie\Willem_set\Alles\20250722-F63.jpeg,20250722-F63.jpeg
F64,2025-07-22 00:00:00,,,C:\Falcker\cloud\falcker\AI\OlieDetectie\Willem_set\Alles\20250722-F64.jpeg,20250722-F64.jpeg
F51,2025-07-23 00:00:00,Roof,,C:\Falcker\cloud\falcker\AI\OlieDetectie\Willem_set\Alles\20250723-F-51-Roof-01.jpeg,20250723-F-51-Roof-01.jpeg
F51,2025-07-23 00:00:00,Roof,,C:\Falcker\cloud\falcker\AI\OlieDetectie\Willem_set\Alles\20250723-F-51-Roof-02.jpeg,20250723-F-51-Roof-02.jpeg
F51,2025-07-23 00:00:00,Tankpit,,C:\Falcker\cloud\falcker\AI\OlieDetectie\Willem_set\Alles\20250723-F-51-Tankpit-01.jpeg,20250723-F-51-Tankpit-01.jpeg
F51,2025-07-23 00:00:00,Tankpit,,C:\Falcker\cloud\falcker\AI\OlieDetectie\Willem_set\Alles\20250723-F-51-Tankpit-02.jpeg,20250723-F-51-Tankpit-02.jpeg
F51,2025-07-23 00:00:00,Tankpit,,C:\Falcker\cloud\falcker\AI\OlieDetectie\Willem_set\Alles\20250723-F-51-Tankpit-03.jpeg,20250723-F-51-Tankpit-03.jpeg
F52,2025-07-23 00:00:00,Roof,,C:\Falcker\cloud\falcker\AI\OlieDetectie\Willem_set\Alles\20250723-F-52-Roof.jpeg,20250723-F-52-Roof.jpeg
F53,2025-07-23 00:00:00,Roof,,C:\Falcker\cloud\falcker\AI\OlieDetectie\Willem_set\Alles\20250723-F-53-Roof.jpeg,20250723-F-53-Roof.jpeg
F61,2025-07-23 00:00:00,Roof,,C:\Falcker\cloud\falcker\AI\OlieDetectie\Willem_set\Alles\20250723-F-61-Roof.jpeg,20250723-F-61-Roof.jpeg
F62,2025-07-23 00:00:00,Roof,,C:\Falcker\cloud\falcker\AI\OlieDetectie\Willem_set\Alles\20250723-F-62-Roof.jpeg,20250723-F-62-Roof.jpeg
F63,2025-07-23 00:00:00,Roof,,C:\Falcker\cloud\falcker\AI\OlieDetectie\Willem_set\Alles\20250723-F-63-Roof.jpeg,20250723-F-63-Roof.jpeg
F64,2025-07-23 00:00:00,Roof,,C:\Falcker\cloud\falcker\AI\OlieDetectie\Willem_set\Alles\20250723-F-64-Roof.jpeg,20250723-F-64-Roof.jpeg
F02,2025-07-23 00:00:00,,,C:\Falcker\cloud\falcker\AI\OlieDetectie\Willem_set\Alles\20250723-F02.jpeg,20250723-F02.jpeg
F03,2025-07-23 00:00:00,,,C:\Falcker\cloud\falcker\AI\OlieDetectie\Willem_set\Alles\20250723-F03.jpeg,20250723-F03.jpeg
F04,2025-07-23 00:00:00,,,C:\Falcker\cloud\falcker\AI\OlieDetectie\Willem_set\Alles\20250723-F04.jpeg,20250723-F04.jpeg
F05,2025-07-23 00:00:00,,,C:\Falcker\cloud\falcker\AI\OlieDetectie\Willem_set\Alles\20250723-F05.jpeg,20250723-F05.jpeg
F06,2025-07-23 00:00:00,,,C:\Falcker\cloud\falcker\AI\OlieDetectie\Willem_set\Alles\20250723-F06.jpeg,20250723-F06.jpeg
F07,2025-07-23 00:00:00,,,C:\Falcker\cloud\falcker\AI\OlieDetectie\Willem_set\Alles\20250723-F07.jpeg,20250723-F07.jpeg
F08,2025-07-23 00:00:00,,,C:\Falcker\cloud\falcker\AI\OlieDetectie\Willem_set\Alles\20250723-F08.jpeg,20250723-F08.jpeg
F09,2025-07-23 00:00:00,,,C:\Falcker\cloud\falcker\AI\OlieDetectie\Willem_set\Alles\20250723-F09.jpeg,20250723-F09.jpeg
F11,2025-07-23 00:00:00,,,C:\Falcker\cloud\falcker\AI\OlieDetectie\Willem_set\Alles\20250723-F11.jpeg,20250723-F11.jpeg
F12,2025-07-23 00:00:00,,,C:\Falcker\cloud\falcker\AI\OlieDetectie\Willem_set\Alles\20250723-F12.jpeg,20250723-F12.jpeg
F13,2025-07-23 00:00:00,,,C:\Falcker\cloud\falcker\AI\OlieDetectie\Willem_set\Alles\20250723-F13.jpeg,20250723-F13.jpeg
F14,2025-07-23 00:00:00,,,C:\Falcker\cloud\falcker\AI\OlieDetectie\Willem_set\Alles\20250723-F14.jpeg,20250723-F14.jpeg
F15,2025-07-23 00:00:00,,,C:\Falcker\cloud\falcker\AI\OlieDetectie\Willem_set\Alles\20250723-F15.jpeg,20250723-F15.jpeg
F02,2025-07-24 00:00:00,Roof,,C:\Falcker\cloud\falcker\AI\OlieDetectie\Willem_set\Alles\20250724-F-02-Roof.jpeg,20250724-F-02-Roof.jpeg
F03,2025-07-24 00:00:00,Roof,,C:\Falcker\cloud\falcker\AI\OlieDetectie\Willem_set\Alles\20250724-F-03-Roof.jpeg,20250724-F-03-Roof.jpeg
F04,2025-07-24 00:00:00,Roof,,C:\Falcker\cloud\falcker\AI\OlieDetectie\Willem_set\Alles\20250724-F-04-Roof.jpeg,20250724-F-04-Roof.jpeg
F05,2025-07-24 00:00:00,Roof,,C:\Falcker\cloud\falcker\AI\OlieDetectie\Willem_set\Alles\20250724-F-05-Roof.jpeg,20250724-F-05-Roof.jpeg
F06,2025-07-24 00:00:00,Roof,,C:\Falcker\cloud\falcker\AI\OlieDetectie\Willem_set\Alles\20250724-F-06-Roof.jpeg,20250724-F-06-Roof.jpeg
F07,2025-07-24 00:00:00,Roof,,C:\Falcker\cloud\falcker\AI\OlieDetectie\Willem_set\Alles\20250724-F-07-Roof.jpeg,20250724-F-07-Roof.jpeg
F08,2025-07-24 00:00:00,Roof,,C:\Falcker\cloud\falcker\AI\OlieDetectie\Willem_set\Alles\20250724-F-08-Roof.jpeg,20250724-F-08-Roof.jpeg
F09,2025-07-24 00:00:00,Roof,,C:\Falcker\cloud\falcker\AI\OlieDetectie\Willem_set\Alles\20250724-F-09-Roof.jpeg,20250724-F-09-Roof.jpeg
F11,2025-07-24 00:00:00,Roof,,C:\Falcker\cloud\falcker\AI\OlieDetectie\Willem_set\Alles\20250724-F-11-Roof.jpeg,20250724-F-11-Roof.jpeg
F12,2025-07-24 00:00:00,Roof,,C:\Falcker\cloud\falcker\AI\OlieDetectie\Willem_set\Alles\20250724-F-12-Roof.jpeg,20250724-F-12-Roof.jpeg
F13,2025-07-24 00:00:00,Roof,,C:\Falcker\cloud\falcker\AI\OlieDetectie\Willem_set\Alles\20250724-F-13-Roof.jpeg,20250724-F-13-Roof.jpeg
F14,2025-07-24 00:00:00,Roof,,C:\Falcker\cloud\falcker\AI\OlieDetectie\Willem_set\Alles\20250724-F-14-Roof.jpeg,20250724-F-14-Roof.jpeg
F15,2025-07-24 00:00:00,Roof,,C:\Falcker\cloud\falcker\AI\OlieDetectie\Willem_set\Alles\20250724-F-15-Roof.jpeg,20250724-F-15-Roof.jpeg
F51,2025-07-24 00:00:00,Roof,,C:\Falcker\cloud\falcker\AI\OlieDetectie\Willem_set\Alles\20250724-F-51-Roof-01.jpeg,20250724-F-51-Roof-01.jpeg
F51,2025-07-24 00:00:00,Roof,,C:\Falcker\cloud\falcker\AI\OlieDetectie\Willem_set\Alles\20250724-F-51-Roof-02.jpeg,20250724-F-51-Roof-02.jpeg
F51,2025-07-24 00:00:00,Tankpit,,C:\Falcker\cloud\falcker\AI\OlieDetectie\Willem_set\Alles\20250724-F-51-Tankpit-01.jpeg,20250724-F-51-Tankpit-01.jpeg
F51,2025-07-24 00:00:00,Tankpit,,C:\Falcker\cloud\falcker\AI\OlieDetectie\Willem_set\Alles\20250724-F-51-Tankpit-02.jpeg,20250724-F-51-Tankpit-02.jpeg
F51,2025-07-24 00:00:00,Tankpit,,C:\Falcker\cloud\falcker\AI\OlieDetectie\Willem_set\Alles\20250724-F-51-Tankpit-03.jpeg,20250724-F-51-Tankpit-03.jpeg
F52,2025-07-24 00:00:00,Roof,,C:\Falcker\cloud\falcker\AI\OlieDetectie\Willem_set\Alles\20250724-F-52-Roof.jpeg,20250724-F-52-Roof.jpeg
F53,2025-07-24 00:00:00,Roof,,C:\Falcker\cloud\falcker\AI\OlieDetectie\Willem_set\Alles\20250724-F-53-Roof.jpeg,20250724-F-53-Roof.jpeg
F61,2025-07-24 00:00:00,Roof,,C:\Falcker\cloud\falcker\AI\OlieDetectie\Willem_set\Alles\20250724-F-61-Roof.jpeg,20250724-F-61-Roof.jpeg
F62,2025-07-24 00:00:00,Roof,,C:\Falcker\cloud\falcker\AI\OlieDetectie\Willem_set\Alles\20250724-F-62-Roof.jpeg,20250724-F-62-Roof.jpeg
F63,2025-07-24 00:00:00,Roof,,C:\Falcker\cloud\falcker\AI\OlieDetectie\Willem_set\Alles\20250724-F-63-Roof.jpeg,20250724-F-63-Roof.jpeg
F64,2025-07-24 00:00:00,Roof,,C:\Falcker\cloud\falcker\AI\OlieDetectie\Willem_set\Alles\20250724-F-64-Roof.jpeg,20250724-F-64-Roof.jpeg
F51,2025-07-25 00:00:00,Roof,,C:\Falcker\cloud\falcker\AI\OlieDetectie\Willem_set\Alles\20250725-F-51-Roof-01.jpeg,20250725-F-51-Roof-01.jpeg
F51,2025-07-25 00:00:00,Roof,,C:\Falcker\cloud\falcker\AI\OlieDetectie\Willem_set\Alles\20250725-F-51-Roof-02.jpeg,20250725-F-51-Roof-02.jpeg
F51,2025-07-25 00:00:00,Tankpit,,C:\Falcker\cloud\falcker\AI\OlieDetectie\Willem_set\Alles\20250725-F-51-Tankpit-01.jpeg,20250725-F-51-Tankpit-01.jpeg
F51,2025-07-25 00:00:00,Tankpit,,C:\Falcker\cloud\falcker\AI\OlieDetectie\Willem_set\Alles\20250725-F-51-Tankpit-02.jpeg,20250725-F-51-Tankpit-02.jpeg
F51,2025-07-25 00:00:00,Tankpit,,C:\Falcker\cloud\falcker\AI\OlieDetectie\Willem_set\Alles\20250725-F-51-Tankpit-03.jpeg,20250725-F-51-Tankpit-03.jpeg
F52,2025-07-25 00:00:00,Roof,,C:\Falcker\cloud\falcker\AI\OlieDetectie\Willem_set\Alles\20250725-F-52-Roof.jpeg,20250725-F-52-Roof.jpeg
F53,2025-07-25 00:00:00,Roof,,C:\Falcker\cloud\falcker\AI\OlieDetectie\Willem_set\Alles\20250725-F-53-Roof.jpeg,20250725-F-53-Roof.jpeg
F61,2025-07-25 00:00:00,Roof,,C:\Falcker\cloud\falcker\AI\OlieDetectie\Willem_set\Alles\20250725-F-61-Roof.jpeg,20250725-F-61-Roof.jpeg
F62,2025-07-25 00:00:00,Roof,,C:\Falcker\cloud\falcker\AI\OlieDetectie\Willem_set\Alles\20250725-F-62-Roof.jpeg,20250725-F-62-Roof.jpeg
F63,2025-07-25 00:00:00,Roof,,C:\Falcker\cloud\falcker\AI\OlieDetectie\Willem_set\Alles\20250725-F-63-Roof.jpeg,20250725-F-63-Roof.jpeg
F64,2025-07-25 00:00:00,Roof,,C:\Falcker\cloud\falcker\AI\OlieDetectie\Willem_set\Alles\20250725-F-64-Roof.jpeg,20250725-F-64-Roof.jpeg
F02,2025-07-25 00:00:00,,,C:\Falcker\cloud\falcker\AI\OlieDetectie\Willem_set\Alles\20250725-F02.jpeg,20250725-F02.jpeg
F03,2025-07-25 00:00:00,,,C:\Falcker\cloud\falcker\AI\OlieDetectie\Willem_set\Alles\20250725-F03.jpeg,20250725-F03.jpeg
F04,2025-07-25 00:00:00,,,C:\Falcker\cloud\falcker\AI\OlieDetectie\Willem_set\Alles\20250725-F04.jpeg,20250725-F04.jpeg
F05,2025-07-25 00:00:00,,,C:\Falcker\cloud\falcker\AI\OlieDetectie\Willem_set\Alles\20250725-F05.jpeg,20250725-F05.jpeg
F06,2025-07-25 00:00:00,,,C:\Falcker\cloud\falcker\AI\OlieDetectie\Willem_set\Alles\20250725-F06.jpeg,20250725-F06.jpeg
F07,2025-07-25 00:00:00,,,C:\Falcker\cloud\falcker\AI\OlieDetectie\Willem_set\Alles\20250725-F07.jpeg,20250725-F07.jpeg
F08,2025-07-25 00:00:00,,,C:\Falcker\cloud\falcker\AI\OlieDetectie\Willem_set\Alles\20250725-F08.jpeg,20250725-F08.jpeg
F09,2025-07-25 00:00:00,,,C:\Falcker\cloud\falcker\AI\OlieDetectie\Willem_set\Alles\20250725-F09.jpeg,20250725-F09.jpeg
F11,2025-07-25 00:00:00,,,C:\Falcker\cloud\falcker\AI\OlieDetectie\Willem_set\Alles\20250725-F11.jpeg,20250725-F11.jpeg
F12,2025-07-25 00:00:00,,,C:\Falcker\cloud\falcker\AI\OlieDetectie\Willem_set\Alles\20250725-F12.jpeg,20250725-F12.jpeg
F13,2025-07-25 00:00:00,,,C:\Falcker\cloud\falcker\AI\OlieDetectie\Willem_set\Alles\20250725-F13.jpeg,20250725-F13.jpeg
F14,2025-07-25 00:00:00,,,C:\Falcker\cloud\falcker\AI\OlieDetectie\Willem_set\Alles\20250725-F14.jpeg,20250725-F14.jpeg
F15,2025-07-25 00:00:00,,,C:\Falcker\cloud\falcker\AI\OlieDetectie\Willem_set\Alles\20250725-F15.jpeg,20250725-F15.jpeg
F02,2025-07-28 00:00:00,,,C:\Falcker\cloud\falcker\AI\OlieDetectie\Willem_set\Alles\20250728-F02.jpeg,20250728-F02.jpeg
F03,2025-07-28 00:00:00,,,C:\Falcker\cloud\falcker\AI\OlieDetectie\Willem_set\Alles\20250728-F03.jpeg,20250728-F03.jpeg
F04,2025-07-28 00:00:00,,,C:\Falcker\cloud\falcker\AI\OlieDetectie\Willem_set\Alles\20250728-F04.jpeg,20250728-F04.jpeg
F05,2025-07-28 00:00:00,,,C:\Falcker\cloud\falcker\AI\OlieDetectie\Willem_set\Alles\20250728-F05.jpeg,20250728-F05.jpeg
F06,2025-07-28 00:00:00,,,C:\Falcker\cloud\falcker\AI\OlieDetectie\Willem_set\Alles\20250728-F06.jpeg,20250728-F06.jpeg
F07,2025-07-28 00:00:00,,,C:\Falcker\cloud\falcker\AI\OlieDetectie\Willem_set\Alles\20250728-F07.jpeg,20250728-F07.jpeg
F08,2025-07-28 00:00:00,,,C:\Falcker\cloud\falcker\AI\OlieDetectie\Willem_set\Alles\20250728-F08.jpeg,20250728-F08.jpeg
F09,2025-07-28 00:00:00,,,C:\Falcker\cloud\falcker\AI\OlieDetectie\Willem_set\Alles\20250728-F09.jpeg,20250728-F09.jpeg
F11,2025-07-28 00:00:00,,,C:\Falcker\cloud\falcker\AI\OlieDetectie\Willem_set\Alles\20250728-F11.jpeg,20250728-F11.jpeg
F12,2025-07-28 00:00:00,,,C:\Falcker\cloud\falcker\AI\OlieDetectie\Willem_set\Alles\20250728-F12.jpeg,20250728-F12.jpeg
F13,2025-07-28 00:00:00,,,C:\Falcker\cloud\falcker\AI\OlieDetectie\Willem_set\Alles\20250728-F13.jpeg,20250728-F13.jpeg
F14,2025-07-28 00:00:00,,,C:\Falcker\cloud\falcker\AI\OlieDetectie\Willem_set\Alles\20250728-F14.jpeg,20250728-F14.jpeg
F15,2025-07-28 00:00:00,,,C:\Falcker\cloud\falcker\AI\OlieDetectie\Willem_set\Alles\20250728-F15.jpeg,20250728-F15.jpeg
F52,2025-07-28 00:00:00,Roof,,C:\Falcker\cloud\falcker\AI\OlieDetectie\Willem_set\Alles\20250728-[F-52-Roof].jpeg,20250728-[F-52-Roof].jpeg
F53,2025-07-28 00:00:00,Roof,,C:\Falcker\cloud\falcker\AI\OlieDetectie\Willem_set\Alles\20250728-[F-53-Roof].jpeg,20250728-[F-53-Roof].jpeg
F61,2025-07-28 00:00:00,Roof,,C:\Falcker\cloud\falcker\AI\OlieDetectie\Willem_set\Alles\20250728-[F-61-Roof].jpeg,20250728-[F-61-Roof].jpeg
F62,2025-07-28 00:00:00,Roof,,C:\Falcker\cloud\falcker\AI\OlieDetectie\Willem_set\Alles\20250728-[F-62-Roof].jpeg,20250728-[F-62-Roof].jpeg
F63,2025-07-28 00:00:00,Roof,,C:\Falcker\cloud\falcker\AI\OlieDetectie\Willem_set\Alles\20250728-[F-63-Roof].jpeg,20250728-[F-63-Roof].jpeg
F64,2025-07-28 00:00:00,Roof,,C:\Falcker\cloud\falcker\AI\OlieDetectie\Willem_set\Alles\20250728-[F-64-Roof].jpeg,20250728-[F-64-Roof].jpeg
F51,2025-07-29 00:00:00,Roof,,C:\Falcker\cloud\falcker\AI\OlieDetectie\Willem_set\Alles\20250729-F-51-Roof-01.jpeg,20250729-F-51-Roof-01.jpeg
F51,2025-07-29 00:00:00,Roof,,C:\Falcker\cloud\falcker\AI\OlieDetectie\Willem_set\Alles\20250729-F-51-Roof-02.jpeg,20250729-F-51-Roof-02.jpeg
F51,2025-07-29 00:00:00,Tankpit,,C:\Falcker\cloud\falcker\AI\OlieDetectie\Willem_set\Alles\20250729-F-51-Tankpit-01.jpeg,20250729-F-51-Tankpit-01.jpeg
F51,2025-07-29 00:00:00,Tankpit,,C:\Falcker\cloud\falcker\AI\OlieDetectie\Willem_set\Alles\20250729-F-51-Tankpit-02.jpeg,20250729-F-51-Tankpit-02.jpeg
F51,2025-07-29 00:00:00,Tankpit,,C:\Falcker\cloud\falcker\AI\OlieDetectie\Willem_set\Alles\20250729-F-51-Tankpit-03.jpeg,20250729-F-51-Tankpit-03.jpeg
F52,2025-07-29 00:00:00,Roof,,C:\Falcker\cloud\falcker\AI\OlieDetectie\Willem_set\Alles\20250729-F-52-Roof.jpeg,20250729-F-52-Roof.jpeg
F53,2025-07-29 00:00:00,Roof,,C:\Falcker\cloud\falcker\AI\OlieDetectie\Willem_set\Alles\20250729-F-53-Roof.jpeg,20250729-F-53-Roof.jpeg
F61,2025-07-29 00:00:00,Roof,,C:\Falcker\cloud\falcker\AI\OlieDetectie\Willem_set\Alles\20250729-F-61-Roof.jpeg,20250729-F-61-Roof.jpeg
F62,2025-07-29 00:00:00,Roof,,C:\Falcker\cloud\falcker\AI\OlieDetectie\Willem_set\Alles\20250729-F-62-Roof.jpeg,20250729-F-62-Roof.jpeg
F63,2025-07-29 00:00:00,Roof,,C:\Falcker\cloud\falcker\AI\OlieDetectie\Willem_set\Alles\20250729-F-63-Roof.jpeg,20250729-F-63-Roof.jpeg
F64,2025-07-29 00:00:00,Roof,,C:\Falcker\cloud\falcker\AI\OlieDetectie\Willem_set\Alles\20250729-F-64-Roof.jpeg,20250729-F-64-Roof.jpeg
F02,2025-07-29 00:00:00,,,C:\Falcker\cloud\falcker\AI\OlieDetectie\Willem_set\Alles\20250729-F02.jpeg,20250729-F02.jpeg
F03,2025-07-29 00:00:00,,,C:\Falcker\cloud\falcker\AI\OlieDetectie\Willem_set\Alles\20250729-F03.jpeg,20250729-F03.jpeg
F04,2025-07-29 00:00:00,,,C:\Falcker\cloud\falcker\AI\OlieDetectie\Willem_set\Alles\20250729-F04.jpeg,20250729-F04.jpeg
F05,2025-07-29 00:00:00,,,C:\Falcker\cloud\falcker\AI\OlieDetectie\Willem_set\Alles\20250729-F05.jpeg,20250729-F05.jpeg
F06,2025-07-29 00:00:00,,,C:\Falcker\cloud\falcker\AI\OlieDetectie\Willem_set\Alles\20250729-F06.jpeg,20250729-F06.jpeg
F07,2025-07-29 00:00:00,,,C:\Falcker\cloud\falcker\AI\OlieDetectie\Willem_set\Alles\20250729-F07.jpeg,20250729-F07.jpeg
F08,2025-07-29 00:00:00,,,C:\Falcker\cloud\falcker\AI\OlieDetectie\Willem_set\Alles\20250729-F08.jpeg,20250729-F08.jpeg
F09,2025-07-29 00:00:00,,,C:\Falcker\cloud\falcker\AI\OlieDetectie\Willem_set\Alles\20250729-F09.jpeg,20250729-F09.jpeg
F11,2025-07-29 00:00:00,,,C:\Falcker\cloud\falcker\AI\OlieDetectie\Willem_set\Alles\20250729-F11.jpeg,20250729-F11.jpeg
F12,2025-07-29 00:00:00,,,C:\Falcker\cloud\falcker\AI\OlieDetectie\Willem_set\Alles\20250729-F12.jpeg,20250729-F12.jpeg
F13,2025-07-29 00:00:00,,,C:\Falcker\cloud\falcker\AI\OlieDetectie\Willem_set\Alles\20250729-F13.jpeg,20250729-F13.jpeg
F14,2025-07-29 00:00:00,,,C:\Falcker\cloud\falcker\AI\OlieDetectie\Willem_set\Alles\20250729-F14.jpeg,20250729-F14.jpeg
F15,2025-07-29 00:00:00,,,C:\Falcker\cloud\falcker\AI\OlieDetectie\Willem_set\Alles\20250729-F15.jpeg,20250729-F15.jpeg
F02,2025-07-30 00:00:00,,,C:\Falcker\cloud\falcker\AI\OlieDetectie\Willem_set\Alles\20250730-F02.jpeg,20250730-F02.jpeg
F03,2025-07-30 00:00:00,,,C:\Falcker\cloud\falcker\AI\OlieDetectie\Willem_set\Alles\20250730-F03.jpeg,20250730-F03.jpeg
F04,2025-07-30 00:00:00,,,C:\Falcker\cloud\falcker\AI\OlieDetectie\Willem_set\Alles\20250730-F04.jpeg,20250730-F04.jpeg
F05,2025-07-30 00:00:00,,,C:\Falcker\cloud\falcker\AI\OlieDetectie\Willem_set\Alles\20250730-F05.jpeg,20250730-F05.jpeg
F06,2025-07-30 00:00:00,,,C:\Falcker\cloud\falcker\AI\OlieDetectie\Willem_set\Alles\20250730-F06.jpeg,20250730-F06.jpeg
F07,2025-07-30 00:00:00,,,C:\Falcker\cloud\falcker\AI\OlieDetectie\Willem_set\Alles\20250730-F07.jpeg,20250730-F07.jpeg
F08,2025-07-30 00:00:00,,,C:\Falcker\cloud\falcker\AI\OlieDetectie\Willem_set\Alles\20250730-F08.jpeg,20250730-F08.jpeg
F09,2025-07-30 00:00:00,,,C:\Falcker\cloud\falcker\AI\OlieDetectie\Willem_set\Alles\20250730-F09.jpeg,20250730-F09.jpeg
F11,2025-07-30 00:00:00,,,C:\Falcker\cloud\falcker\AI\OlieDetectie\Willem_set\Alles\20250730-F11.jpeg,20250730-F11.jpeg
F12,2025-07-30 00:00:00,,,C:\Falcker\cloud\falcker\AI\OlieDetectie\Willem_set\Alles\20250730-F12.jpeg,20250730-F12.jpeg
F13,2025-07-30 00:00:00,,,C:\Falcker\cloud\falcker\AI\OlieDetectie\Willem_set\Alles\20250730-F13.jpeg,20250730-F13.jpeg
F14,2025-07-30 00:00:00,,,C:\Falcker\cloud\falcker\AI\OlieDetectie\Willem_set\Alles\20250730-F14.jpeg,20250730-F14.jpeg
F15,2025-07-30 00:00:00,,,C:\Falcker\cloud\falcker\AI\OlieDetectie\Willem_set\Alles\20250730-F15.jpeg,20250730-F15.jpeg
F52,2025-07-30 00:00:00,Roof,,C:\Falcker\cloud\falcker\AI\OlieDetectie\Willem_set\Alles\20250730-[F-52-Roof].jpeg,20250730-[F-52-Roof].jpeg
F53,2025-07-30 00:00:00,Roof,,C:\Falcker\cloud\falcker\AI\OlieDetectie\Willem_set\Alles\20250730-[F-53-Roof].jpeg,20250730-[F-53-Roof].jpeg
F61,2025-07-30 00:00:00,Roof,,C:\Falcker\cloud\falcker\AI\OlieDetectie\Willem_set\Alles\20250730-[F-61-Roof].jpeg,20250730-[F-61-Roof].jpeg
F62,2025-07-30 00:00:00,Roof,,C:\Falcker\cloud\falcker\AI\OlieDetectie\Willem_set\Alles\20250730-[F-62-Roof].jpeg,20250730-[F-62-Roof].jpeg
F63,2025-07-30 00:00:00,Roof,,C:\Falcker\cloud\falcker\AI\OlieDetectie\Willem_set\Alles\20250730-[F-63-Roof].jpeg,20250730-[F-63-Roof].jpeg
F64,2025-07-30 00:00:00,Roof,,C:\Falcker\cloud\falcker\AI\OlieDetectie\Willem_set\Alles\20250730-[F-64-Roof].jpeg,20250730-[F-64-Roof].jpeg
F02,2025-07-31 00:00:00,,,C:\Falcker\cloud\falcker\AI\OlieDetectie\Willem_set\Alles\20250731-F02.jpeg,20250731-F02.jpeg
F03,2025-07-31 00:00:00,,,C:\Falcker\cloud\falcker\AI\OlieDetectie\Willem_set\Alles\20250731-F03.jpeg,20250731-F03.jpeg
F04,2025-07-31 00:00:00,,,C:\Falcker\cloud\falcker\AI\OlieDetectie\Willem_set\Alles\20250731-F04.jpeg,20250731-F04.jpeg
F05,2025-07-31 00:00:00,,,C:\Falcker\cloud\falcker\AI\OlieDetectie\Willem_set\Alles\20250731-F05.jpeg,20250731-F05.jpeg
F06,2025-07-31 00:00:00,,,C:\Falcker\cloud\falcker\AI\OlieDetectie\Willem_set\Alles\20250731-F06.jpeg,20250731-F06.jpeg
F07,2025-07-31 00:00:00,,,C:\Falcker\cloud\falcker\AI\OlieDetectie\Willem_set\Alles\20250731-F07.jpeg,20250731-F07.jpeg
F08,2025-07-31 00:00:00,,,C:\Falcker\cloud\falcker\AI\OlieDetectie\Willem_set\Alles\20250731-F08.jpeg,20250731-F08.jpeg
F09,2025-07-31 00:00:00,,,C:\Falcker\cloud\falcker\AI\OlieDetectie\Willem_set\Alles\20250731-F09.jpeg,20250731-F09.jpeg
F11,2025-07-31 00:00:00,,,C:\Falcker\cloud\falcker\AI\OlieDetectie\Willem_set\Alles\20250731-F11.jpeg,20250731-F11.jpeg
F12,2025-07-31 00:00:00,,,C:\Falcker\cloud\falcker\AI\OlieDetectie\Willem_set\Alles\20250731-F12.jpeg,20250731-F12.jpeg
F13,2025-07-31 00:00:00,,,C:\Falcker\cloud\falcker\AI\OlieDetectie\Willem_set\Alles\20250731-F13.jpeg,20250731-F13.jpeg
F14,2025-07-31 00:00:00,,,C:\Falcker\cloud\falcker\AI\OlieDetectie\Willem_set\Alles\20250731-F14.jpeg,20250731-F14.jpeg
F15,2025-07-31 00:00:00,,,C:\Falcker\cloud\falcker\AI\OlieDetectie\Willem_set\Alles\20250731-F15.jpeg,20250731-F15.jpeg
F51,2025-07-31 00:00:00,Roof,,C:\Falcker\cloud\falcker\AI\OlieDetectie\Willem_set\Alles\20250731-F51-Roof01.jpeg,20250731-F51-Roof01.jpeg
F51,2025-07-31 00:00:00,Roof,,C:\Falcker\cloud\falcker\AI\OlieDetectie\Willem_set\Alles\20250731-F51-Roof02.jpeg,20250731-F51-Roof02.jpeg
F51,2025-07-31 00:00:00,Tankpit,,C:\Falcker\cloud\falcker\AI\OlieDetectie\Willem_set\Alles\20250731-F51-Tankpit01.jpeg,20250731-F51-Tankpit01.jpeg
F51,2025-07-31 00:00:00,Tankpit,,C:\Falcker\cloud\falcker\AI\OlieDetectie\Willem_set\Alles\20250731-F51-Tankpit02.jpeg,20250731-F51-Tankpit02.jpeg
F51,2025-07-31 00:00:00,Tankpit,,C:\Falcker\cloud\falcker\AI\OlieDetectie\Willem_set\Alles\20250731-F51-Tankpit03.jpeg,20250731-F51-Tankpit03.jpeg
F52,2025-07-31 00:00:00,,,C:\Falcker\cloud\falcker\AI\OlieDetectie\Willem_set\Alles\20250731-F52.jpeg,20250731-F52.jpeg
F53,2025-07-31 00:00:00,,,C:\Falcker\cloud\falcker\AI\OlieDetectie\Willem_set\Alles\20250731-F53.jpeg,20250731-F53.jpeg
F61,2025-07-31 00:00:00,Roof,,C:\Falcker\cloud\falcker\AI\OlieDetectie\Willem_set\Alles\20250731-F61-Roof01.jpeg,20250731-F61-Roof01.jpeg
F02,2025-08-01 00:00:00,,,C:\Falcker\cloud\falcker\AI\OlieDetectie\Willem_set\Alles\20250801-F02.jpeg,20250801-F02.jpeg
F03,2025-08-01 00:00:00,,,C:\Falcker\cloud\falcker\AI\OlieDetectie\Willem_set\Alles\20250801-F03.jpeg,20250801-F03.jpeg
F04,2025-08-01 00:00:00,,,C:\Falcker\cloud\falcker\AI\OlieDetectie\Willem_set\Alles\20250801-F04.jpeg,20250801-F04.jpeg
F05,2025-08-01 00:00:00,,,C:\Falcker\cloud\falcker\AI\OlieDetectie\Willem_set\Alles\20250801-F05.jpeg,20250801-F05.jpeg
F06,2025-08-01 00:00:00,,,C:\Falcker\cloud\falcker\AI\OlieDetectie\Willem_set\Alles\20250801-F06.jpeg,20250801-F06.jpeg
F07,2025-08-01 00:00:00,,,C:\Falcker\cloud\falcker\AI\OlieDetectie\Willem_set\Alles\20250801-F07.jpeg,20250801-F07.jpeg
F08,2025-08-01 00:00:00,,,C:\Falcker\cloud\falcker\AI\OlieDetectie\Willem_set\Alles\20250801-F08.jpeg,20250801-F08.jpeg
F09,2025-08-01 00:00:00,,,C:\Falcker\cloud\falcker\AI\OlieDetectie\Willem_set\Alles\20250801-F09.jpeg,20250801-F09.jpeg
F11,2025-08-01 00:00:00,,,C:\Falcker\cloud\falcker\AI\OlieDetectie\Willem_set\Alles\20250801-F11.jpeg,20250801-F11.jpeg
F12,2025-08-01 00:00:00,,,C:\Falcker\cloud\falcker\AI\OlieDetectie\Willem_set\Alles\20250801-F12.jpeg,20250801-F12.jpeg
F13,2025-08-01 00:00:00,,,C:\Falcker\cloud\falcker\AI\OlieDetectie\Willem_set\Alles\20250801-F13.jpeg,20250801-F13.jpeg
F14,2025-08-01 00:00:00,,,C:\Falcker\cloud\falcker\AI\OlieDetectie\Willem_set\Alles\20250801-F14.jpeg,20250801-F14.jpeg
F15,2025-08-01 00:00:00,,,C:\Falcker\cloud\falcker\AI\OlieDetectie\Willem_set\Alles\20250801-F15.jpeg,20250801-F15.jpeg
F51,2025-08-01 00:00:00,Roof,,C:\Falcker\cloud\falcker\AI\OlieDetectie\Willem_set\Alles\20250801-F51-Roof01.jpeg,20250801-F51-Roof01.jpeg
F51,2025-08-01 00:00:00,Roof,,C:\Falcker\cloud\falcker\AI\OlieDetectie\Willem_set\Alles\20250801-F51-Roof02.jpeg,20250801-F51-Roof02.jpeg
F51,2025-08-01 00:00:00,Tankpit,,C:\Falcker\cloud\falcker\AI\OlieDetectie\Willem_set\Alles\20250801-F51-Tankpit01.jpeg,20250801-F51-Tankpit01.jpeg
F51,2025-08-01 00:00:00,Tankpit,,C:\Falcker\cloud\falcker\AI\OlieDetectie\Willem_set\Alles\20250801-F51-Tankpit02.jpeg,20250801-F51-Tankpit02.jpeg
F51,2025-08-01 00:00:00,Tankpit,,C:\Falcker\cloud\falcker\AI\OlieDetectie\Willem_set\Alles\20250801-F51-Tankpit03.jpeg,20250801-F51-Tankpit03.jpeg
F52,2025-08-01 00:00:00,,,C:\Falcker\cloud\falcker\AI\OlieDetectie\Willem_set\Alles\20250801-F52.jpeg,20250801-F52.jpeg
F53,2025-08-01 00:00:00,,,C:\Falcker\cloud\falcker\AI\OlieDetectie\Willem_set\Alles\20250801-F53.jpeg,20250801-F53.jpeg
F61,2025-08-01 00:00:00,,,C:\Falcker\cloud\falcker\AI\OlieDetectie\Willem_set\Alles\20250801-F61.jpeg,20250801-F61.jpeg
F62,2025-08-01 00:00:00,,,C:\Falcker\cloud\falcker\AI\OlieDetectie\Willem_set\Alles\20250801-F62.jpeg,20250801-F62.jpeg
F63,2025-08-01 00:00:00,,,C:\Falcker\cloud\falcker\AI\OlieDetectie\Willem_set\Alles\20250801-F63.jpeg,20250801-F63.jpeg
F64,2025-08-01 00:00:00,,,C:\Falcker\cloud\falcker\AI\OlieDetectie\Willem_set\Alles\20250801-F64.jpeg,20250801-F64.jpeg
F02,2025-08-04 00:00:00,,,C:\Falcker\cloud\falcker\AI\OlieDetectie\Willem_set\Alles\20250804-F02.jpeg,20250804-F02.jpeg
F03,2025-08-04 00:00:00,,,C:\Falcker\cloud\falcker\AI\OlieDetectie\Willem_set\Alles\20250804-F03.jpeg,20250804-F03.jpeg
F04,2025-08-04 00:00:00,,,C:\Falcker\cloud\falcker\AI\OlieDetectie\Willem_set\Alles\20250804-F04.jpeg,20250804-F04.jpeg
F05,2025-08-04 00:00:00,,,C:\Falcker\cloud\falcker\AI\OlieDetectie\Willem_set\Alles\20250804-F05.jpeg,20250804-F05.jpeg
F06,2025-08-04 00:00:00,,,C:\Falcker\cloud\falcker\AI\OlieDetectie\Willem_set\Alles\20250804-F06.jpeg,20250804-F06.jpeg
F07,2025-08-04 00:00:00,,,C:\Falcker\cloud\falcker\AI\OlieDetectie\Willem_set\Alles\20250804-F07.jpeg,20250804-F07.jpeg
F08,2025-08-04 00:00:00,,,C:\Falcker\cloud\falcker\AI\OlieDetectie\Willem_set\Alles\20250804-F08.jpeg,20250804-F08.jpeg
F09,2025-08-04 00:00:00,,,C:\Falcker\cloud\falcker\AI\OlieDetectie\Willem_set\Alles\20250804-F09.jpeg,20250804-F09.jpeg
F11,2025-08-04 00:00:00,,,C:\Falcker\cloud\falcker\AI\OlieDetectie\Willem_set\Alles\20250804-F11.jpeg,20250804-F11.jpeg
F12,2025-08-04 00:00:00,,,C:\Falcker\cloud\falcker\AI\OlieDetectie\Willem_set\Alles\20250804-F12.jpeg,20250804-F12.jpeg
F13,2025-08-04 00:00:00,,,C:\Falcker\cloud\falcker\AI\OlieDetectie\Willem_set\Alles\20250804-F13.jpeg,20250804-F13.jpeg
F14,2025-08-04 00:00:00,,,C:\Falcker\cloud\falcker\AI\OlieDetectie\Willem_set\Alles\20250804-F14.jpeg,20250804-F14.jpeg
F15,2025-08-04 00:00:00,,,C:\Falcker\cloud\falcker\AI\OlieDetectie\Willem_set\Alles\20250804-F15.jpeg,20250804-F15.jpeg
F51,2025-08-04 00:00:00,Roof,,C:\Falcker\cloud\falcker\AI\OlieDetectie\Willem_set\Alles\20250804-F51-Roof01.jpeg,20250804-F51-Roof01.jpeg
F51,2025-08-04 00:00:00,Roof,,C:\Falcker\cloud\falcker\AI\OlieDetectie\Willem_set\Alles\20250804-F51-Roof02.jpeg,20250804-F51-Roof02.jpeg
F51,2025-08-04 00:00:00,Tankpit,,C:\Falcker\cloud\falcker\AI\OlieDetectie\Willem_set\Alles\20250804-F51-Tankpit01.jpeg,20250804-F51-Tankpit01.jpeg
F51,2025-08-04 00:00:00,Tankpit,,C:\Falcker\cloud\falcker\AI\OlieDetectie\Willem_set\Alles\20250804-F51-Tankpit02.jpeg,20250804-F51-Tankpit02.jpeg
F51,2025-08-04 00:00:00,Tankpit,,C:\Falcker\cloud\falcker\AI\OlieDetectie\Willem_set\Alles\20250804-F51-Tankpit03.jpeg,20250804-F51-Tankpit03.jpeg
F52,2025-08-04 00:00:00,,,C:\Falcker\cloud\falcker\AI\OlieDetectie\Willem_set\Alles\20250804-F52.jpeg,20250804-F52.jpeg
F53,2025-08-04 00:00:00,,,C:\Falcker\cloud\falcker\AI\OlieDetectie\Willem_set\Alles\20250804-F53.jpeg,20250804-F53.jpeg
F61,2025-08-04 00:00:00,,,C:\Falcker\cloud\falcker\AI\OlieDetectie\Willem_set\Alles\20250804-F61.jpeg,20250804-F61.jpeg
F62,2025-08-04 00:00:00,,,C:\Falcker\cloud\falcker\AI\OlieDetectie\Willem_set\Alles\20250804-F62.jpeg,20250804-F62.jpeg
F63,2025-08-04 00:00:00,,,C:\Falcker\cloud\falcker\AI\OlieDetectie\Willem_set\Alles\20250804-F63.jpeg,20250804-F63.jpeg
F64,2025-08-04 00:00:00,,,C:\Falcker\cloud\falcker\AI\OlieDetectie\Willem_set\Alles\20250804-F64.jpeg,20250804-F64.jpeg
F02,2025-08-05 00:00:00,,,C:\Falcker\cloud\falcker\AI\OlieDetectie\Willem_set\Alles\20250805-F02.jpeg,20250805-F02.jpeg
F03,2025-08-05 00:00:00,,,C:\Falcker\cloud\falcker\AI\OlieDetectie\Willem_set\Alles\20250805-F03.jpeg,20250805-F03.jpeg
F04,2025-08-05 00:00:00,,,C:\Falcker\cloud\falcker\AI\OlieDetectie\Willem_set\Alles\20250805-F04.jpeg,20250805-F04.jpeg
F05,2025-08-05 00:00:00,,,C:\Falcker\cloud\falcker\AI\OlieDetectie\Willem_set\Alles\20250805-F05.jpeg,20250805-F05.jpeg
F06,2025-08-05 00:00:00,,,C:\Falcker\cloud\falcker\AI\OlieDetectie\Willem_set\Alles\20250805-F06.jpeg,20250805-F06.jpeg
F07,2025-08-05 00:00:00,,,C:\Falcker\cloud\falcker\AI\OlieDetectie\Willem_set\Alles\20250805-F07.jpeg,20250805-F07.jpeg
F08,2025-08-05 00:00:00,,,C:\Falcker\cloud\falcker\AI\OlieDetectie\Willem_set\Alles\20250805-F08.jpeg,20250805-F08.jpeg
F09,2025-08-05 00:00:00,,,C:\Falcker\cloud\falcker\AI\OlieDetectie\Willem_set\Alles\20250805-F09.jpeg,20250805-F09.jpeg
F11,2025-08-05 00:00:00,,,C:\Falcker\cloud\falcker\AI\OlieDetectie\Willem_set\Alles\20250805-F11.jpeg,20250805-F11.jpeg
F12,2025-08-05 00:00:00,,,C:\Falcker\cloud\falcker\AI\OlieDetectie\Willem_set\Alles\20250805-F12.jpeg,20250805-F12.jpeg
F13,2025-08-05 00:00:00,,,C:\Falcker\cloud\falcker\AI\OlieDetectie\Willem_set\Alles\20250805-F13.jpeg,20250805-F13.jpeg
F14,2025-08-05 00:00:00,,,C:\Falcker\cloud\falcker\AI\OlieDetectie\Willem_set\Alles\20250805-F14.jpeg,20250805-F14.jpeg
F15,2025-08-05 00:00:00,,,C:\Falcker\cloud\falcker\AI\OlieDetectie\Willem_set\Alles\20250805-F15.jpeg,20250805-F15.jpeg
F51,2025-08-05 00:00:00,Roof,,C:\Falcker\cloud\falcker\AI\OlieDetectie\Willem_set\Alles\20250805-F51-Roof01.jpeg,20250805-F51-Roof01.jpeg
F51,2025-08-05 00:00:00,Roof,,C:\Falcker\cloud\falcker\AI\OlieDetectie\Willem_set\Alles\20250805-F51-Roof02.jpeg,20250805-F51-Roof02.jpeg
F51,2025-08-05 00:00:00,Tankpit,,C:\Falcker\cloud\falcker\AI\OlieDetectie\Willem_set\Alles\20250805-F51-Tankpit01.jpeg,20250805-F51-Tankpit01.jpeg
F51,2025-08-05 00:00:00,Tankpit,,C:\Falcker\cloud\falcker\AI\OlieDetectie\Willem_set\Alles\20250805-F51-Tankpit02.jpeg,20250805-F51-Tankpit02.jpeg
F51,2025-08-05 00:00:00,Tankpit,,C:\Falcker\cloud\falcker\AI\OlieDetectie\Willem_set\Alles\20250805-F51-Tankpit03.jpeg,20250805-F51-Tankpit03.jpeg
F52,2025-08-05 00:00:00,,,C:\Falcker\cloud\falcker\AI\OlieDetectie\Willem_set\Alles\20250805-F52.jpeg,20250805-F52.jpeg
F53,2025-08-05 00:00:00,,,C:\Falcker\cloud\falcker\AI\OlieDetectie\Willem_set\Alles\20250805-F53.jpeg,20250805-F53.jpeg
F61,2025-08-05 00:00:00,,,C:\Falcker\cloud\falcker\AI\OlieDetectie\Willem_set\Alles\20250805-F61.jpeg,20250805-F61.jpeg
F62,2025-08-05 00:00:00,,,C:\Falcker\cloud\falcker\AI\OlieDetectie\Willem_set\Alles\20250805-F62.jpeg,20250805-F62.jpeg
F63,2025-08-05 00:00:00,,,C:\Falcker\cloud\falcker\AI\OlieDetectie\Willem_set\Alles\20250805-F63.jpeg,20250805-F63.jpeg
F64,2025-08-05 00:00:00,,,C:\Falcker\cloud\falcker\AI\OlieDetectie\Willem_set\Alles\20250805-F64.jpeg,20250805-F64.jpeg
F51,2025-08-06 00:00:00,Roof,,C:\Falcker\cloud\falcker\AI\OlieDetectie\Willem_set\Alles\20250806-F-51-Roof-01.jpeg,20250806-F-51-Roof-01.jpeg
F51,2025-08-06 00:00:00,Roof,,C:\Falcker\cloud\falcker\AI\OlieDetectie\Willem_set\Alles\20250806-F-51-Roof-02.jpeg,20250806-F-51-Roof-02.jpeg
F51,2025-08-06 00:00:00,Tankpit,,C:\Falcker\cloud\falcker\AI\OlieDetectie\Willem_set\Alles\20250806-F-51-Tankpit-01.jpeg,20250806-F-51-Tankpit-01.jpeg
F51,2025-08-06 00:00:00,Tankpit,,C:\Falcker\cloud\falcker\AI\OlieDetectie\Willem_set\Alles\20250806-F-51-Tankpit-02.jpeg,20250806-F-51-Tankpit-02.jpeg
F51,2025-08-06 00:00:00,Tankpit,,C:\Falcker\cloud\falcker\AI\OlieDetectie\Willem_set\Alles\20250806-F-51-Tankpit-03.jpeg,20250806-F-51-Tankpit-03.jpeg
F52,2025-08-06 00:00:00,Roof,,C:\Falcker\cloud\falcker\AI\OlieDetectie\Willem_set\Alles\20250806-F-52-Roof.jpeg,20250806-F-52-Roof.jpeg
F53,2025-08-06 00:00:00,Roof,,C:\Falcker\cloud\falcker\AI\OlieDetectie\Willem_set\Alles\20250806-F-53-Roof.jpeg,20250806-F-53-Roof.jpeg
F61,2025-08-06 00:00:00,Roof,,C:\Falcker\cloud\falcker\AI\OlieDetectie\Willem_set\Alles\20250806-F-61-Roof.jpeg,20250806-F-61-Roof.jpeg
F62,2025-08-06 00:00:00,Roof,,C:\Falcker\cloud\falcker\AI\OlieDetectie\Willem_set\Alles\20250806-F-62-Roof.jpeg,20250806-F-62-Roof.jpeg
F63,2025-08-06 00:00:00,Roof,,C:\Falcker\cloud\falcker\AI\OlieDetectie\Willem_set\Alles\20250806-F-63-Roof.jpeg,20250806-F-63-Roof.jpeg
F64,2025-08-06 00:00:00,Roof,,C:\Falcker\cloud\falcker\AI\OlieDetectie\Willem_set\Alles\20250806-F-64-Roof.jpeg,20250806-F-64-Roof.jpeg
F02,2025-08-06 00:00:00,,,C:\Falcker\cloud\falcker\AI\OlieDetectie\Willem_set\Alles\20250806-F02.jpeg,20250806-F02.jpeg
F03,2025-08-06 00:00:00,,,C:\Falcker\cloud\falcker\AI\OlieDetectie\Willem_set\Alles\20250806-F03.jpeg,20250806-F03.jpeg
F04,2025-08-06 00:00:00,,,C:\Falcker\cloud\falcker\AI\OlieDetectie\Willem_set\Alles\20250806-F04.jpeg,20250806-F04.jpeg
F05,2025-08-06 00:00:00,,,C:\Falcker\cloud\falcker\AI\OlieDetectie\Willem_set\Alles\20250806-F05.jpeg,20250806-F05.jpeg
F06,2025-08-06 00:00:00,,,C:\Falcker\cloud\falcker\AI\OlieDetectie\Willem_set\Alles\20250806-F06.jpeg,20250806-F06.jpeg
F07,2025-08-06 00:00:00,,,C:\Falcker\cloud\falcker\AI\OlieDetectie\Willem_set\Alles\20250806-F07.jpeg,20250806-F07.jpeg
F08,2025-08-06 00:00:00,,,C:\Falcker\cloud\falcker\AI\OlieDetectie\Willem_set\Alles\20250806-F08.jpeg,20250806-F08.jpeg
F09,2025-08-06 00:00:00,,,C:\Falcker\cloud\falcker\AI\OlieDetectie\Willem_set\Alles\20250806-F09.jpeg,20250806-F09.jpeg
F11,2025-08-06 00:00:00,,,C:\Falcker\cloud\falcker\AI\OlieDetectie\Willem_set\Alles\20250806-F11.jpeg,20250806-F11.jpeg
F12,2025-08-06 00:00:00,,,C:\Falcker\cloud\falcker\AI\OlieDetectie\Willem_set\Alles\20250806-F12.jpeg,20250806-F12.jpeg
F13,2025-08-06 00:00:00,,,C:\Falcker\cloud\falcker\AI\OlieDetectie\Willem_set\Alles\20250806-F13.jpeg,20250806-F13.jpeg
F14,2025-08-06 00:00:00,,,C:\Falcker\cloud\falcker\AI\OlieDetectie\Willem_set\Alles\20250806-F14.jpeg,20250806-F14.jpeg
F15,2025-08-06 00:00:00,,,C:\Falcker\cloud\falcker\AI\OlieDetectie\Willem_set\Alles\20250806-F15.jpeg,20250806-F15.jpeg
F02,2025-08-07 00:00:00,,,C:\Falcker\cloud\falcker\AI\OlieDetectie\Willem_set\Alles\20250807-F02.jpeg,20250807-F02.jpeg
F03,2025-08-07 00:00:00,,,C:\Falcker\cloud\falcker\AI\OlieDetectie\Willem_set\Alles\20250807-F03.jpeg,20250807-F03.jpeg
F04,2025-08-07 00:00:00,,,C:\Falcker\cloud\falcker\AI\OlieDetectie\Willem_set\Alles\20250807-F04.jpeg,20250807-F04.jpeg
F05,2025-08-07 00:00:00,,,C:\Falcker\cloud\falcker\AI\OlieDetectie\Willem_set\Alles\20250807-F05.jpeg,20250807-F05.jpeg
F06,2025-08-07 00:00:00,,,C:\Falcker\cloud\falcker\AI\OlieDetectie\Willem_set\Alles\20250807-F06.jpeg,20250807-F06.jpeg
F07,2025-08-07 00:00:00,,,C:\Falcker\cloud\falcker\AI\OlieDetectie\Willem_set\Alles\20250807-F07.jpeg,20250807-F07.jpeg
F08,2025-08-07 00:00:00,,,C:\Falcker\cloud\falcker\AI\OlieDetectie\Willem_set\Alles\20250807-F08.jpeg,20250807-F08.jpeg
F09,2025-08-07 00:00:00,,,C:\Falcker\cloud\falcker\AI\OlieDetectie\Willem_set\Alles\20250807-F09.jpeg,20250807-F09.jpeg
F11,2025-08-07 00:00:00,,,C:\Falcker\cloud\falcker\AI\OlieDetectie\Willem_set\Alles\20250807-F11.jpeg,20250807-F11.jpeg
F12,2025-08-07 00:00:00,,,C:\Falcker\cloud\falcker\AI\OlieDetectie\Willem_set\Alles\20250807-F12.jpeg,20250807-F12.jpeg
F13,2025-08-07 00:00:00,,,C:\Falcker\cloud\falcker\AI\OlieDetectie\Willem_set\Alles\20250807-F13.jpeg,20250807-F13.jpeg
F14,2025-08-07 00:00:00,,,C:\Falcker\cloud\falcker\AI\OlieDetectie\Willem_set\Alles\20250807-F14.jpeg,20250807-F14.jpeg
F15,2025-08-07 00:00:00,,,C:\Falcker\cloud\falcker\AI\OlieDetectie\Willem_set\Alles\20250807-F15.jpeg,20250807-F15.jpeg
F51,2025-08-07 00:00:00,Roof,,C:\Falcker\cloud\falcker\AI\OlieDetectie\Willem_set\Alles\20250807-F51-Roof01.jpeg,20250807-F51-Roof01.jpeg
F51,2025-08-07 00:00:00,Roof,,C:\Falcker\cloud\falcker\AI\OlieDetectie\Willem_set\Alles\20250807-F51-Roof02.jpeg,20250807-F51-Roof02.jpeg
F51,2025-08-07 00:00:00,Tankpit,,C:\Falcker\cloud\falcker\AI\OlieDetectie\Willem_set\Alles\20250807-F51-Tankpit01.jpeg,20250807-F51-Tankpit01.jpeg
F51,2025-08-07 00:00:00,Tankpit,,C:\Falcker\cloud\falcker\AI\OlieDetectie\Willem_set\Alles\20250807-F51-Tankpit02.jpeg,20250807-F51-Tankpit02.jpeg
F51,2025-08-07 00:00:00,Tankpit,,C:\Falcker\cloud\falcker\AI\OlieDetectie\Willem_set\Alles\20250807-F51-Tankpit03.jpeg,20250807-F51-Tankpit03.jpeg
F52,2025-08-07 00:00:00,,,C:\Falcker\cloud\falcker\AI\OlieDetectie\Willem_set\Alles\20250807-F52.jpeg,20250807-F52.jpeg
F53,2025-08-07 00:00:00,,,C:\Falcker\cloud\falcker\AI\OlieDetectie\Willem_set\Alles\20250807-F53.jpeg,20250807-F53.jpeg
F61,2025-08-07 00:00:00,,,C:\Falcker\cloud\falcker\AI\OlieDetectie\Willem_set\Alles\20250807-F61.jpeg,20250807-F61.jpeg
F62,2025-08-07 00:00:00,,,C:\Falcker\cloud\falcker\AI\OlieDetectie\Willem_set\Alles\20250807-F62.jpeg,20250807-F62.jpeg
F63,2025-08-07 00:00:00,,,C:\Falcker\cloud\falcker\AI\OlieDetectie\Willem_set\Alles\20250807-F63.jpeg,20250807-F63.jpeg
F64,2025-08-07 00:00:00,,,C:\Falcker\cloud\falcker\AI\OlieDetectie\Willem_set\Alles\20250807-F64.jpeg,20250807-F64.jpeg
F02,2025-08-08 00:00:00,,,C:\Falcker\cloud\falcker\AI\OlieDetectie\Willem_set\Alles\20250808-F02.jpeg,20250808-F02.jpeg
F03,2025-08-08 00:00:00,,,C:\Falcker\cloud\falcker\AI\OlieDetectie\Willem_set\Alles\20250808-F03.jpeg,20250808-F03.jpeg
F04,2025-08-08 00:00:00,,,C:\Falcker\cloud\falcker\AI\OlieDetectie\Willem_set\Alles\20250808-F04.jpeg,20250808-F04.jpeg
F05,2025-08-08 00:00:00,,,C:\Falcker\cloud\falcker\AI\OlieDetectie\Willem_set\Alles\20250808-F05.jpeg,20250808-F05.jpeg
F06,2025-08-08 00:00:00,,,C:\Falcker\cloud\falcker\AI\OlieDetectie\Willem_set\Alles\20250808-F06.jpeg,20250808-F06.jpeg
F07,2025-08-08 00:00:00,,,C:\Falcker\cloud\falcker\AI\OlieDetectie\Willem_set\Alles\20250808-F07.jpeg,20250808-F07.jpeg
F08,2025-08-08 00:00:00,,,C:\Falcker\cloud\falcker\AI\OlieDetectie\Willem_set\Alles\20250808-F08.jpeg,20250808-F08.jpeg
F09,2025-08-08 00:00:00,,,C:\Falcker\cloud\falcker\AI\OlieDetectie\Willem_set\Alles\20250808-F09.jpeg,20250808-F09.jpeg
F11,2025-08-08 00:00:00,,,C:\Falcker\cloud\falcker\AI\OlieDetectie\Willem_set\Alles\20250808-F11.jpeg,20250808-F11.jpeg
F12,2025-08-08 00:00:00,,,C:\Falcker\cloud\falcker\AI\OlieDetectie\Willem_set\Alles\20250808-F12.jpeg,20250808-F12.jpeg
F13,2025-08-08 00:00:00,,,C:\Falcker\cloud\falcker\AI\OlieDetectie\Willem_set\Alles\20250808-F13.jpeg,20250808-F13.jpeg
F14,2025-08-08 00:00:00,,,C:\Falcker\cloud\falcker\AI\OlieDetectie\Willem_set\Alles\20250808-F14.jpeg,20250808-F14.jpeg
F15,2025-08-08 00:00:00,,,C:\Falcker\cloud\falcker\AI\OlieDetectie\Willem_set\Alles\20250808-F15.jpeg,20250808-F15.jpeg
F52,2025-08-08 00:00:00,Roof,,C:\Falcker\cloud\falcker\AI\OlieDetectie\Willem_set\Alles\20250808-[F-52-Roof].jpeg,20250808-[F-52-Roof].jpeg
F53,2025-08-08 00:00:00,Roof,,C:\Falcker\cloud\falcker\AI\OlieDetectie\Willem_set\Alles\20250808-[F-53-Roof].jpeg,20250808-[F-53-Roof].jpeg
F61,2025-08-08 00:00:00,Roof,,C:\Falcker\cloud\falcker\AI\OlieDetectie\Willem_set\Alles\20250808-[F-61-Roof].jpeg,20250808-[F-61-Roof].jpeg
F62,2025-08-08 00:00:00,Roof,,C:\Falcker\cloud\falcker\AI\OlieDetectie\Willem_set\Alles\20250808-[F-62-Roof].jpeg,20250808-[F-62-Roof].jpeg
F63,2025-08-08 00:00:00,Roof,,C:\Falcker\cloud\falcker\AI\OlieDetectie\Willem_set\Alles\20250808-[F-63-Roof].jpeg,20250808-[F-63-Roof].jpeg
F64,2025-08-08 00:00:00,Roof,,C:\Falcker\cloud\falcker\AI\OlieDetectie\Willem_set\Alles\20250808-[F-64-Roof].jpeg,20250808-[F-64-Roof].jpeg
F02,2025-08-11 00:00:00,,,C:\Falcker\cloud\falcker\AI\OlieDetectie\Willem_set\Alles\20250811-F02.jpeg,20250811-F02.jpeg
F03,2025-08-11 00:00:00,,,C:\Falcker\cloud\falcker\AI\OlieDetectie\Willem_set\Alles\20250811-F03.jpeg,20250811-F03.jpeg
F04,2025-08-11 00:00:00,,,C:\Falcker\cloud\falcker\AI\OlieDetectie\Willem_set\Alles\20250811-F04.jpeg,20250811-F04.jpeg
F05,2025-08-11 00:00:00,,,C:\Falcker\cloud\falcker\AI\OlieDetectie\Willem_set\Alles\20250811-F05.jpeg,20250811-F05.jpeg
F06,2025-08-11 00:00:00,,,C:\Falcker\cloud\falcker\AI\OlieDetectie\Willem_set\Alles\20250811-F06.jpeg,20250811-F06.jpeg
F07,2025-08-11 00:00:00,,,C:\Falcker\cloud\falcker\AI\OlieDetectie\Willem_set\Alles\20250811-F07.jpeg,20250811-F07.jpeg
F08,2025-08-11 00:00:00,,,C:\Falcker\cloud\falcker\AI\OlieDetectie\Willem_set\Alles\20250811-F08.jpeg,20250811-F08.jpeg
F09,2025-08-11 00:00:00,,,C:\Falcker\cloud\falcker\AI\OlieDetectie\Willem_set\Alles\20250811-F09.jpeg,20250811-F09.jpeg
F11,2025-08-11 00:00:00,,,C:\Falcker\cloud\falcker\AI\OlieDetectie\Willem_set\Alles\20250811-F11.jpeg,20250811-F11.jpeg
F12,2025-08-11 00:00:00,,,C:\Falcker\cloud\falcker\AI\OlieDetectie\Willem_set\Alles\20250811-F12.jpeg,20250811-F12.jpeg
F13,2025-08-11 00:00:00,,,C:\Falcker\cloud\falcker\AI\OlieDetectie\Willem_set\Alles\20250811-F13.jpeg,20250811-F13.jpeg
F14,2025-08-11 00:00:00,,,C:\Falcker\cloud\falcker\AI\OlieDetectie\Willem_set\Alles\20250811-F14.jpeg,20250811-F14.jpeg
F15,2025-08-11 00:00:00,,,C:\Falcker\cloud\falcker\AI\OlieDetectie\Willem_set\Alles\20250811-F15.jpeg,20250811-F15.jpeg
F52,2025-08-11 00:00:00,Roof,,C:\Falcker\cloud\falcker\AI\OlieDetectie\Willem_set\Alles\20250811-[F-52-Roof].jpeg,20250811-[F-52-Roof].jpeg
F53,2025-08-11 00:00:00,Roof,,C:\Falcker\cloud\falcker\AI\OlieDetectie\Willem_set\Alles\20250811-[F-53-Roof].jpeg,20250811-[F-53-Roof].jpeg
F61,2025-08-11 00:00:00,Roof,,C:\Falcker\cloud\falcker\AI\OlieDetectie\Willem_set\Alles\20250811-[F-61-Roof].jpeg,20250811-[F-61-Roof].jpeg
F62,2025-08-11 00:00:00,Roof,,C:\Falcker\cloud\falcker\AI\OlieDetectie\Willem_set\Alles\20250811-[F-62-Roof].jpeg,20250811-[F-62-Roof].jpeg
F63,2025-08-11 00:00:00,Roof,,C:\Falcker\cloud\falcker\AI\OlieDetectie\Willem_set\Alles\20250811-[F-63-Roof].jpeg,20250811-[F-63-Roof].jpeg
F64,2025-08-11 00:00:00,Roof,,C:\Falcker\cloud\falcker\AI\OlieDetectie\Willem_set\Alles\20250811-[F-64-Roof].jpeg,20250811-[F-64-Roof].jpeg
F51,2025-08-12 00:00:00,Roof,,C:\Falcker\cloud\falcker\AI\OlieDetectie\Willem_set\Alles\20250812-F-51-Roof-01.jpeg,20250812-F-51-Roof-01.jpeg
F51,2025-08-12 00:00:00,Roof,,C:\Falcker\cloud\falcker\AI\OlieDetectie\Willem_set\Alles\20250812-F-51-Roof-02.jpeg,20250812-F-51-Roof-02.jpeg
F51,2025-08-12 00:00:00,Tankpit,,C:\Falcker\cloud\falcker\AI\OlieDetectie\Willem_set\Alles\20250812-F-51-Tankpit-01.jpeg,20250812-F-51-Tankpit-01.jpeg
F51,2025-08-12 00:00:00,Tankpit,,C:\Falcker\cloud\falcker\AI\OlieDetectie\Willem_set\Alles\20250812-F-51-Tankpit-02.jpeg,20250812-F-51-Tankpit-02.jpeg
F51,2025-08-12 00:00:00,Tankpit,,C:\Falcker\cloud\falcker\AI\OlieDetectie\Willem_set\Alles\20250812-F-51-Tankpit-03.jpeg,20250812-F-51-Tankpit-03.jpeg
F52,2025-08-12 00:00:00,Roof,,C:\Falcker\cloud\falcker\AI\OlieDetectie\Willem_set\Alles\20250812-F-52-Roof.jpeg,20250812-F-52-Roof.jpeg
F53,2025-08-12 00:00:00,Roof,,C:\Falcker\cloud\falcker\AI\OlieDetectie\Willem_set\Alles\20250812-F-53-Roof.jpeg,20250812-F-53-Roof.jpeg
F61,2025-08-12 00:00:00,Roof,,C:\Falcker\cloud\falcker\AI\OlieDetectie\Willem_set\Alles\20250812-F-61-Roof.jpeg,20250812-F-61-Roof.jpeg
F62,2025-08-12 00:00:00,Roof,,C:\Falcker\cloud\falcker\AI\OlieDetectie\Willem_set\Alles\20250812-F-62-Roof.jpeg,20250812-F-62-Roof.jpeg
F63,2025-08-12 00:00:00,Roof,,C:\Falcker\cloud\falcker\AI\OlieDetectie\Willem_set\Alles\20250812-F-63-Roof.jpeg,20250812-F-63-Roof.jpeg
F64,2025-08-12 00:00:00,Roof,,C:\Falcker\cloud\falcker\AI\OlieDetectie\Willem_set\Alles\20250812-F-64-Roof.jpeg,20250812-F-64-Roof.jpeg
F02,2025-08-12 00:00:00,,,C:\Falcker\cloud\falcker\AI\OlieDetectie\Willem_set\Alles\20250812-F02.jpeg,20250812-F02.jpeg
F03,2025-08-12 00:00:00,,,C:\Falcker\cloud\falcker\AI\OlieDetectie\Willem_set\Alles\20250812-F03.jpeg,20250812-F03.jpeg
F04,2025-08-12 00:00:00,,,C:\Falcker\cloud\falcker\AI\OlieDetectie\Willem_set\Alles\20250812-F04.jpeg,20250812-F04.jpeg
F05,2025-08-12 00:00:00,,,C:\Falcker\cloud\falcker\AI\OlieDetectie\Willem_set\Alles\20250812-F05.jpeg,20250812-F05.jpeg
F06,2025-08-12 00:00:00,,,C:\Falcker\cloud\falcker\AI\OlieDetectie\Willem_set\Alles\20250812-F06.jpeg,20250812-F06.jpeg
F07,2025-08-12 00:00:00,,,C:\Falcker\cloud\falcker\AI\OlieDetectie\Willem_set\Alles\20250812-F07.jpeg,20250812-F07.jpeg
F08,2025-08-12 00:00:00,,,C:\Falcker\cloud\falcker\AI\OlieDetectie\Willem_set\Alles\20250812-F08.jpeg,20250812-F08.jpeg
F09,2025-08-12 00:00:00,,,C:\Falcker\cloud\falcker\AI\OlieDetectie\Willem_set\Alles\20250812-F09.jpeg,20250812-F09.jpeg
F11,2025-08-12 00:00:00,,,C:\Falcker\cloud\falcker\AI\OlieDetectie\Willem_set\Alles\20250812-F11.jpeg,20250812-F11.jpeg
F12,2025-08-12 00:00:00,,,C:\Falcker\cloud\falcker\AI\OlieDetectie\Willem_set\Alles\20250812-F12.jpeg,20250812-F12.jpeg
F13,2025-08-12 00:00:00,,,C:\Falcker\cloud\falcker\AI\OlieDetectie\Willem_set\Alles\20250812-F13.jpeg,20250812-F13.jpeg
F14,2025-08-12 00:00:00,,,C:\Falcker\cloud\falcker\AI\OlieDetectie\Willem_set\Alles\20250812-F14.jpeg,20250812-F14.jpeg
F15,2025-08-12 00:00:00,,,C:\Falcker\cloud\falcker\AI\OlieDetectie\Willem_set\Alles\20250812-F15.jpeg,20250812-F15.jpeg
F02,2025-08-13 00:00:00,,,C:\Falcker\cloud\falcker\AI\OlieDetectie\Willem_set\Alles\20250813-F02.jpeg,20250813-F02.jpeg
F03,2025-08-13 00:00:00,,,C:\Falcker\cloud\falcker\AI\OlieDetectie\Willem_set\Alles\20250813-F03.jpeg,20250813-F03.jpeg
F04,2025-08-13 00:00:00,,,C:\Falcker\cloud\falcker\AI\OlieDetectie\Willem_set\Alles\20250813-F04.jpeg,20250813-F04.jpeg
F06,2025-08-13 00:00:00,,,C:\Falcker\cloud\falcker\AI\OlieDetectie\Willem_set\Alles\20250813-F06.jpeg,20250813-F06.jpeg
F07,2025-08-13 00:00:00,,,C:\Falcker\cloud\falcker\AI\OlieDetectie\Willem_set\Alles\20250813-F07.jpeg,20250813-F07.jpeg
F08,2025-08-13 00:00:00,,,C:\Falcker\cloud\falcker\AI\OlieDetectie\Willem_set\Alles\20250813-F08.jpeg,20250813-F08.jpeg
F09,2025-08-13 00:00:00,,,C:\Falcker\cloud\falcker\AI\OlieDetectie\Willem_set\Alles\20250813-F09.jpeg,20250813-F09.jpeg
F11,2025-08-13 00:00:00,,,C:\Falcker\cloud\falcker\AI\OlieDetectie\Willem_set\Alles\20250813-F11.jpeg,20250813-F11.jpeg
F12,2025-08-13 00:00:00,,,C:\Falcker\cloud\falcker\AI\OlieDetectie\Willem_set\Alles\20250813-F12.jpeg,20250813-F12.jpeg
F13,2025-08-13 00:00:00,,,C:\Falcker\cloud\falcker\AI\OlieDetectie\Willem_set\Alles\20250813-F13.jpeg,20250813-F13.jpeg
F14,2025-08-13 00:00:00,,,C:\Falcker\cloud\falcker\AI\OlieDetectie\Willem_set\Alles\20250813-F14.jpeg,20250813-F14.jpeg
F15,2025-08-13 00:00:00,,,C:\Falcker\cloud\falcker\AI\OlieDetectie\Willem_set\Alles\20250813-F15.jpeg,20250813-F15.jpeg
F51,2025-08-13 00:00:00,Roof,,C:\Falcker\cloud\falcker\AI\OlieDetectie\Willem_set\Alles\20250813-F51-Roof01.jpeg,20250813-F51-Roof01.jpeg
F51,2025-08-13 00:00:00,Roof,,C:\Falcker\cloud\falcker\AI\OlieDetectie\Willem_set\Alles\20250813-F51-Roof02.jpeg,20250813-F51-Roof02.jpeg
F51,2025-08-13 00:00:00,Tankpit,,C:\Falcker\cloud\falcker\AI\OlieDetectie\Willem_set\Alles\20250813-F51-Tankpit01.jpeg,20250813-F51-Tankpit01.jpeg
F51,2025-08-13 00:00:00,Tankpit,,C:\Falcker\cloud\falcker\AI\OlieDetectie\Willem_set\Alles\20250813-F51-Tankpit02.jpeg,20250813-F51-Tankpit02.jpeg
F51,2025-08-13 00:00:00,Tankpit,,C:\Falcker\cloud\falcker\AI\OlieDetectie\Willem_set\Alles\20250813-F51-Tankpit03.jpeg,20250813-F51-Tankpit03.jpeg
F52,2025-08-13 00:00:00,,,C:\Falcker\cloud\falcker\AI\OlieDetectie\Willem_set\Alles\20250813-F52.jpeg,20250813-F52.jpeg
F53,2025-08-13 00:00:00,,,C:\Falcker\cloud\falcker\AI\OlieDetectie\Willem_set\Alles\20250813-F53.jpeg,20250813-F53.jpeg
F61,2025-08-13 00:00:00,,,C:\Falcker\cloud\falcker\AI\OlieDetectie\Willem_set\Alles\20250813-F61.jpeg,20250813-F61.jpeg
F62,2025-08-13 00:00:00,,,C:\Falcker\cloud\falcker\AI\OlieDetectie\Willem_set\Alles\20250813-F62.jpeg,20250813-F62.jpeg
F63,2025-08-13 00:00:00,,,C:\Falcker\cloud\falcker\AI\OlieDetectie\Willem_set\Alles\20250813-F63.jpeg,20250813-F63.jpeg
F64,2025-08-13 00:00:00,,,C:\Falcker\cloud\falcker\AI\OlieDetectie\Willem_set\Alles\20250813-F64.jpeg,20250813-F64.jpeg
F02,2025-08-14 00:00:00,,,C:\Falcker\cloud\falcker\AI\OlieDetectie\Willem_set\Alles\20250814-F02.jpeg,20250814-F02.jpeg
F03,2025-08-14 00:00:00,,,C:\Falcker\cloud\falcker\AI\OlieDetectie\Willem_set\Alles\20250814-F03.jpeg,20250814-F03.jpeg
F04,2025-08-14 00:00:00,,,C:\Falcker\cloud\falcker\AI\OlieDetectie\Willem_set\Alles\20250814-F04.jpeg,20250814-F04.jpeg
F05,2025-08-14 00:00:00,,,C:\Falcker\cloud\falcker\AI\OlieDetectie\Willem_set\Alles\20250814-F05.jpeg,20250814-F05.jpeg
F06,2025-08-14 00:00:00,,,C:\Falcker\cloud\falcker\AI\OlieDetectie\Willem_set\Alles\20250814-F06.jpeg,20250814-F06.jpeg
F07,2025-08-14 00:00:00,,,C:\Falcker\cloud\falcker\AI\OlieDetectie\Willem_set\Alles\20250814-F07.jpeg,20250814-F07.jpeg
F08,2025-08-14 00:00:00,,,C:\Falcker\cloud\falcker\AI\OlieDetectie\Willem_set\Alles\20250814-F08.jpeg,20250814-F08.jpeg
F09,2025-08-14 00:00:00,,,C:\Falcker\cloud\falcker\AI\OlieDetectie\Willem_set\Alles\20250814-F09.jpeg,20250814-F09.jpeg
F11,2025-08-14 00:00:00,,,C:\Falcker\cloud\falcker\AI\OlieDetectie\Willem_set\Alles\20250814-F11.jpeg,20250814-F11.jpeg
F12,2025-08-14 00:00:00,,,C:\Falcker\cloud\falcker\AI\OlieDetectie\Willem_set\Alles\20250814-F12.jpeg,20250814-F12.jpeg
F13,2025-08-14 00:00:00,,,C:\Falcker\cloud\falcker\AI\OlieDetectie\Willem_set\Alles\20250814-F13.jpeg,20250814-F13.jpeg
F14,2025-08-14 00:00:00,,,C:\Falcker\cloud\falcker\AI\OlieDetectie\Willem_set\Alles\20250814-F14.jpeg,20250814-F14.jpeg
F15,2025-08-14 00:00:00,,,C:\Falcker\cloud\falcker\AI\OlieDetectie\Willem_set\Alles\20250814-F15.jpeg,20250814-F15.jpeg
F51,2025-08-14 00:00:00,Roof,,C:\Falcker\cloud\falcker\AI\OlieDetectie\Willem_set\Alles\20250814-F51-Roof01.jpeg,20250814-F51-Roof01.jpeg
F51,2025-08-14 00:00:00,Roof,,C:\Falcker\cloud\falcker\AI\OlieDetectie\Willem_set\Alles\20250814-F51-Roof02.jpeg,20250814-F51-Roof02.jpeg
F51,2025-08-14 00:00:00,Tankpit,,C:\Falcker\cloud\falcker\AI\OlieDetectie\Willem_set\Alles\20250814-F51-Tankpit01.jpeg,20250814-F51-Tankpit01.jpeg
F51,2025-08-14 00:00:00,Tankpit,,C:\Falcker\cloud\falcker\AI\OlieDetectie\Willem_set\Alles\20250814-F51-Tankpit02.jpeg,20250814-F51-Tankpit02.jpeg
F51,2025-08-14 00:00:00,Tankpit,,C:\Falcker\cloud\falcker\AI\OlieDetectie\Willem_set\Alles\20250814-F51-Tankpit03.jpeg,20250814-F51-Tankpit03.jpeg
F52,2025-08-14 00:00:00,,,C:\Falcker\cloud\falcker\AI\OlieDetectie\Willem_set\Alles\20250814-F52.jpeg,20250814-F52.jpeg
F53,2025-08-14 00:00:00,,,C:\Falcker\cloud\falcker\AI\OlieDetectie\Willem_set\Alles\20250814-F53.jpeg,20250814-F53.jpeg
F61,2025-08-14 00:00:00,,,C:\Falcker\cloud\falcker\AI\OlieDetectie\Willem_set\Alles\20250814-F61.jpeg,20250814-F61.jpeg
F62,2025-08-14 00:00:00,,,C:\Falcker\cloud\falcker\AI\OlieDetectie\Willem_set\Alles\20250814-F62.jpeg,20250814-F62.jpeg
F63,2025-08-14 00:00:00,,,C:\Falcker\cloud\falcker\AI\OlieDetectie\Willem_set\Alles\20250814-F63.jpeg,20250814-F63.jpeg
F64,2025-08-14 00:00:00,,,C:\Falcker\cloud\falcker\AI\OlieDetectie\Willem_set\Alles\20250814-F64.jpeg,20250814-F64.jpeg
F02,2025-08-15 00:00:00,,,C:\Falcker\cloud\falcker\AI\OlieDetectie\Willem_set\Alles\20250815-F02.jpeg,20250815-F02.jpeg
F03,2025-08-15 00:00:00,,,C:\Falcker\cloud\falcker\AI\OlieDetectie\Willem_set\Alles\20250815-F03.jpeg,20250815-F03.jpeg
F04,2025-08-15 00:00:00,,,C:\Falcker\cloud\falcker\AI\OlieDetectie\Willem_set\Alles\20250815-F04.jpeg,20250815-F04.jpeg
F05,2025-08-15 00:00:00,,,C:\Falcker\cloud\falcker\AI\OlieDetectie\Willem_set\Alles\20250815-F05.jpeg,20250815-F05.jpeg
F06,2025-08-15 00:00:00,,,C:\Falcker\cloud\falcker\AI\OlieDetectie\Willem_set\Alles\20250815-F06.jpeg,20250815-F06.jpeg
F07,2025-08-15 00:00:00,,,C:\Falcker\cloud\falcker\AI\OlieDetectie\Willem_set\Alles\20250815-F07.jpeg,20250815-F07.jpeg
F08,2025-08-15 00:00:00,,,C:\Falcker\cloud\falcker\AI\OlieDetectie\Willem_set\Alles\20250815-F08.jpeg,20250815-F08.jpeg
F09,2025-08-15 00:00:00,,,C:\Falcker\cloud\falcker\AI\OlieDetectie\Willem_set\Alles\20250815-F09.jpeg,20250815-F09.jpeg
F11,2025-08-15 00:00:00,,,C:\Falcker\cloud\falcker\AI\OlieDetectie\Willem_set\Alles\20250815-F11.jpeg,20250815-F11.jpeg
F12,2025-08-15 00:00:00,,,C:\Falcker\cloud\falcker\AI\OlieDetectie\Willem_set\Alles\20250815-F12.jpeg,20250815-F12.jpeg
F13,2025-08-15 00:00:00,,,C:\Falcker\cloud\falcker\AI\OlieDetectie\Willem_set\Alles\20250815-F13.jpeg,20250815-F13.jpeg
F14,2025-08-15 00:00:00,,,C:\Falcker\cloud\falcker\AI\OlieDetectie\Willem_set\Alles\20250815-F14.jpeg,20250815-F14.jpeg
F15,2025-08-15 00:00:00,,,C:\Falcker\cloud\falcker\AI\OlieDetectie\Willem_set\Alles\20250815-F15.jpeg,20250815-F15.jpeg
F51,2025-08-15 00:00:00,Roof,,C:\Falcker\cloud\falcker\AI\OlieDetectie\Willem_set\Alles\20250815-F51-Roof1.jpeg,20250815-F51-Roof1.jpeg
F51,2025-08-15 00:00:00,Roof,,C:\Falcker\cloud\falcker\AI\OlieDetectie\Willem_set\Alles\20250815-F51-Roof2.jpeg,20250815-F51-Roof2.jpeg
F51,2025-08-15 00:00:00,Tankpit,,C:\Falcker\cloud\falcker\AI\OlieDetectie\Willem_set\Alles\20250815-F51-Tankpit1.jpeg,20250815-F51-Tankpit1.jpeg
F51,2025-08-15 00:00:00,Tankpit,,C:\Falcker\cloud\falcker\AI\OlieDetectie\Willem_set\Alles\20250815-F51-Tankpit2.jpeg,20250815-F51-Tankpit2.jpeg
F51,2025-08-15 00:00:00,Tankpit,,C:\Falcker\cloud\falcker\AI\OlieDetectie\Willem_set\Alles\20250815-F51-Tankpit3.jpeg,20250815-F51-Tankpit3.jpeg
F52,2025-08-15 00:00:00,,,C:\Falcker\cloud\falcker\AI\OlieDetectie\Willem_set\Alles\20250815-F52.jpeg,20250815-F52.jpeg
F53,2025-08-15 00:00:00,,,C:\Falcker\cloud\falcker\AI\OlieDetectie\Willem_set\Alles\20250815-F53.jpeg,20250815-F53.jpeg
F61,2025-08-15 00:00:00,,,C:\Falcker\cloud\falcker\AI\OlieDetectie\Willem_set\Alles\20250815-F61.jpeg,20250815-F61.jpeg
F62,2025-08-15 00:00:00,,,C:\Falcker\cloud\falcker\AI\OlieDetectie\Willem_set\Alles\20250815-F62.jpeg,20250815-F62.jpeg
F63,2025-08-15 00:00:00,,,C:\Falcker\cloud\falcker\AI\OlieDetectie\Willem_set\Alles\20250815-F63.jpeg,20250815-F63.jpeg
F64,2025-08-15 00:00:00,,,C:\Falcker\cloud\falcker\AI\OlieDetectie\Willem_set\Alles\20250815-F64.jpeg,20250815-F64.jpeg
F02,2025-08-18 00:00:00,,,C:\Falcker\cloud\falcker\AI\OlieDetectie\Willem_set\Alles\20250818-F02.jpeg,20250818-F02.jpeg
F03,2025-08-18 00:00:00,,,C:\Falcker\cloud\falcker\AI\OlieDetectie\Willem_set\Alles\20250818-F03.jpeg,20250818-F03.jpeg
F04,2025-08-18 00:00:00,,,C:\Falcker\cloud\falcker\AI\OlieDetectie\Willem_set\Alles\20250818-F04.jpeg,20250818-F04.jpeg
F05,2025-08-18 00:00:00,,,C:\Falcker\cloud\falcker\AI\OlieDetectie\Willem_set\Alles\20250818-F05.jpeg,20250818-F05.jpeg
F06,2025-08-18 00:00:00,,,C:\Falcker\cloud\falcker\AI\OlieDetectie\Willem_set\Alles\20250818-F06.jpeg,20250818-F06.jpeg
F07,2025-08-18 00:00:00,,,C:\Falcker\cloud\falcker\AI\OlieDetectie\Willem_set\Alles\20250818-F07.jpeg,20250818-F07.jpeg
F08,2025-08-18 00:00:00,,,C:\Falcker\cloud\falcker\AI\OlieDetectie\Willem_set\Alles\20250818-F08.jpeg,20250818-F08.jpeg
F09,2025-08-18 00:00:00,,,C:\Falcker\cloud\falcker\AI\OlieDetectie\Willem_set\Alles\20250818-F09.jpeg,20250818-F09.jpeg
F11,2025-08-18 00:00:00,,,C:\Falcker\cloud\falcker\AI\OlieDetectie\Willem_set\Alles\20250818-F11.jpeg,20250818-F11.jpeg
F12,2025-08-18 00:00:00,,,C:\Falcker\cloud\falcker\AI\OlieDetectie\Willem_set\Alles\20250818-F12.jpeg,20250818-F12.jpeg
F13,2025-08-18 00:00:00,,,C:\Falcker\cloud\falcker\AI\OlieDetectie\Willem_set\Alles\20250818-F13.jpeg,20250818-F13.jpeg
F14,2025-08-18 00:00:00,,,C:\Falcker\cloud\falcker\AI\OlieDetectie\Willem_set\Alles\20250818-F14.jpeg,20250818-F14.jpeg
F15,2025-08-18 00:00:00,,,C:\Falcker\cloud\falcker\AI\OlieDetectie\Willem_set\Alles\20250818-F15.jpeg,20250818-F15.jpeg
F51,2025-08-18 00:00:00,Roof,,C:\Falcker\cloud\falcker\AI\OlieDetectie\Willem_set\Alles\20250818-F51-Roof01.jpeg,20250818-F51-Roof01.jpeg
F51,2025-08-18 00:00:00,Roof,,C:\Falcker\cloud\falcker\AI\OlieDetectie\Willem_set\Alles\20250818-F51-Roof02.jpeg,20250818-F51-Roof02.jpeg
F51,2025-08-18 00:00:00,Tankpit,,C:\Falcker\cloud\falcker\AI\OlieDetectie\Willem_set\Alles\20250818-F51-Tankpit01.jpeg,20250818-F51-Tankpit01.jpeg
F51,2025-08-18 00:00:00,Tankpit,,C:\Falcker\cloud\falcker\AI\OlieDetectie\Willem_set\Alles\20250818-F51-Tankpit02.jpeg,20250818-F51-Tankpit02.jpeg
F51,2025-08-18 00:00:00,Tankpit,,C:\Falcker\cloud\falcker\AI\OlieDetectie\Willem_set\Alles\20250818-F51-Tankpit03.jpeg,20250818-F51-Tankpit03.jpeg
F52,2025-08-18 00:00:00,,,C:\Falcker\cloud\falcker\AI\OlieDetectie\Willem_set\Alles\20250818-F52.jpeg,20250818-F52.jpeg
F53,2025-08-18 00:00:00,,,C:\Falcker\cloud\falcker\AI\OlieDetectie\Willem_set\Alles\20250818-F53.jpeg,20250818-F53.jpeg
F61,2025-08-18 00:00:00,,,C:\Falcker\cloud\falcker\AI\OlieDetectie\Willem_set\Alles\20250818-F61.jpeg,20250818-F61.jpeg
F62,2025-08-18 00:00:00,,,C:\Falcker\cloud\falcker\AI\OlieDetectie\Willem_set\Alles\20250818-F62.jpeg,20250818-F62.jpeg
F63,2025-08-18 00:00:00,,,C:\Falcker\cloud\falcker\AI\OlieDetectie\Willem_set\Alles\20250818-F63.jpeg,20250818-F63.jpeg
F64,2025-08-18 00:00:00,,,C:\Falcker\cloud\falcker\AI\OlieDetectie\Willem_set\Alles\20250818-F64.jpeg,20250818-F64.jpeg
F02,2025-08-19 00:00:00,,,C:\Falcker\cloud\falcker\AI\OlieDetectie\Willem_set\Alles\20250819-F02.jpeg,20250819-F02.jpeg
F03,2025-08-19 00:00:00,,,C:\Falcker\cloud\falcker\AI\OlieDetectie\Willem_set\Alles\20250819-F03.jpeg,20250819-F03.jpeg
F04,2025-08-19 00:00:00,,,C:\Falcker\cloud\falcker\AI\OlieDetectie\Willem_set\Alles\20250819-F04.jpeg,20250819-F04.jpeg
F05,2025-08-19 00:00:00,,,C:\Falcker\cloud\falcker\AI\OlieDetectie\Willem_set\Alles\20250819-F05.jpeg,20250819-F05.jpeg
F06,2025-08-19 00:00:00,,,C:\Falcker\cloud\falcker\AI\OlieDetectie\Willem_set\Alles\20250819-F06.jpeg,20250819-F06.jpeg
F07,2025-08-19 00:00:00,,,C:\Falcker\cloud\falcker\AI\OlieDetectie\Willem_set\Alles\20250819-F07.jpeg,20250819-F07.jpeg
F08,2025-08-19 00:00:00,,,C:\Falcker\cloud\falcker\AI\OlieDetectie\Willem_set\Alles\20250819-F08.jpeg,20250819-F08.jpeg
F09,2025-08-19 00:00:00,,,C:\Falcker\cloud\falcker\AI\OlieDetectie\Willem_set\Alles\20250819-F09.jpeg,20250819-F09.jpeg
F11,2025-08-19 00:00:00,,,C:\Falcker\cloud\falcker\AI\OlieDetectie\Willem_set\Alles\20250819-F11.jpeg,20250819-F11.jpeg
F12,2025-08-19 00:00:00,,,C:\Falcker\cloud\falcker\AI\OlieDetectie\Willem_set\Alles\20250819-F12.jpeg,20250819-F12.jpeg
F13,2025-08-19 00:00:00,,,C:\Falcker\cloud\falcker\AI\OlieDetectie\Willem_set\Alles\20250819-F13.jpeg,20250819-F13.jpeg
F14,2025-08-19 00:00:00,,,C:\Falcker\cloud\falcker\AI\OlieDetectie\Willem_set\Alles\20250819-F14.jpeg,20250819-F14.jpeg
F15,2025-08-19 00:00:00,,,C:\Falcker\cloud\falcker\AI\OlieDetectie\Willem_set\Alles\20250819-F15.jpeg,20250819-F15.jpeg
F51,2025-08-19 00:00:00,Roof,,C:\Falcker\cloud\falcker\AI\OlieDetectie\Willem_set\Alles\20250819-F51-Roof01.jpeg,20250819-F51-Roof01.jpeg
F51,2025-08-19 00:00:00,Roof,,C:\Falcker\cloud\falcker\AI\OlieDetectie\Willem_set\Alles\20250819-F51-Roof02.jpeg,20250819-F51-Roof02.jpeg
F51,2025-08-19 00:00:00,Tankpit,,C:\Falcker\cloud\falcker\AI\OlieDetectie\Willem_set\Alles\20250819-F51-Tankpit01.jpeg,20250819-F51-Tankpit01.jpeg
F51,2025-08-19 00:00:00,Tankpit,,C:\Falcker\cloud\falcker\AI\OlieDetectie\Willem_set\Alles\20250819-F51-Tankpit02.jpeg,20250819-F51-Tankpit02.jpeg
F51,2025-08-19 00:00:00,Tankpit,,C:\Falcker\cloud\falcker\AI\OlieDetectie\Willem_set\Alles\20250819-F51-Tankpit03.jpeg,20250819-F51-Tankpit03.jpeg
F52,2025-08-19 00:00:00,,,C:\Falcker\cloud\falcker\AI\OlieDetectie\Willem_set\Alles\20250819-F52.jpeg,20250819-F52.jpeg
F53,2025-08-19 00:00:00,,,C:\Falcker\cloud\falcker\AI\OlieDetectie\Willem_set\Alles\20250819-F53.jpeg,20250819-F53.jpeg
F61,2025-08-19 00:00:00,,,C:\Falcker\cloud\falcker\AI\OlieDetectie\Willem_set\Alles\20250819-F61.jpeg,20250819-F61.jpeg
F62,2025-08-19 00:00:00,,,C:\Falcker\cloud\falcker\AI\OlieDetectie\Willem_set\Alles\20250819-F62.jpeg,20250819-F62.jpeg
F63,2025-08-19 00:00:00,,,C:\Falcker\cloud\falcker\AI\OlieDetectie\Willem_set\Alles\20250819-F63.jpeg,20250819-F63.jpeg
F64,2025-08-19 00:00:00,,,C:\Falcker\cloud\falcker\AI\OlieDetectie\Willem_set\Alles\20250819-F64.jpeg,20250819-F64.jpeg
F02,2025-08-20 00:00:00,Roof,,C:\Falcker\cloud\falcker\AI\OlieDetectie\Willem_set\Alles\20250820-F-02-Roof.jpeg,20250820-F-02-Roof.jpeg
F03,2025-08-20 00:00:00,Roof,,C:\Falcker\cloud\falcker\AI\OlieDetectie\Willem_set\Alles\20250820-F-03-Roof.jpeg,20250820-F-03-Roof.jpeg
F04,2025-08-20 00:00:00,Roof,,C:\Falcker\cloud\falcker\AI\OlieDetectie\Willem_set\Alles\20250820-F-04-Roof.jpeg,20250820-F-04-Roof.jpeg
F05,2025-08-20 00:00:00,Roof,,C:\Falcker\cloud\falcker\AI\OlieDetectie\Willem_set\Alles\20250820-F-05-Roof.jpeg,20250820-F-05-Roof.jpeg
F06,2025-08-20 00:00:00,Roof,,C:\Falcker\cloud\falcker\AI\OlieDetectie\Willem_set\Alles\20250820-F-06-Roof.jpeg,20250820-F-06-Roof.jpeg
F07,2025-08-20 00:00:00,Roof,,C:\Falcker\cloud\falcker\AI\OlieDetectie\Willem_set\Alles\20250820-F-07-Roof.jpeg,20250820-F-07-Roof.jpeg
F08,2025-08-20 00:00:00,Roof,,C:\Falcker\cloud\falcker\AI\OlieDetectie\Willem_set\Alles\20250820-F-08-Roof.jpeg,20250820-F-08-Roof.jpeg
F09,2025-08-20 00:00:00,Roof,,C:\Falcker\cloud\falcker\AI\OlieDetectie\Willem_set\Alles\20250820-F-09-Roof.jpeg,20250820-F-09-Roof.jpeg
F11,2025-08-20 00:00:00,Roof,,C:\Falcker\cloud\falcker\AI\OlieDetectie\Willem_set\Alles\20250820-F-11-Roof.jpeg,20250820-F-11-Roof.jpeg
F12,2025-08-20 00:00:00,Roof,,C:\Falcker\cloud\falcker\AI\OlieDetectie\Willem_set\Alles\20250820-F-12-Roof.jpeg,20250820-F-12-Roof.jpeg
F13,2025-08-20 00:00:00,Roof,,C:\Falcker\cloud\falcker\AI\OlieDetectie\Willem_set\Alles\20250820-F-13-Roof.jpeg,20250820-F-13-Roof.jpeg
F14,2025-08-20 00:00:00,Roof,,C:\Falcker\cloud\falcker\AI\OlieDetectie\Willem_set\Alles\20250820-F-14-Roof.jpeg,20250820-F-14-Roof.jpeg
F15,2025-08-20 00:00:00,Roof,,C:\Falcker\cloud\falcker\AI\OlieDetectie\Willem_set\Alles\20250820-F-15-Roof.jpeg,20250820-F-15-Roof.jpeg
F51,2025-08-20 00:00:00,Roof,,C:\Falcker\cloud\falcker\AI\OlieDetectie\Willem_set\Alles\20250820-F-51-Roof-01.jpeg,20250820-F-51-Roof-01.jpeg
F51,2025-08-20 00:00:00,Roof,,C:\Falcker\cloud\falcker\AI\OlieDetectie\Willem_set\Alles\20250820-F-51-Roof-02.jpeg,20250820-F-51-Roof-02.jpeg
F51,2025-08-20 00:00:00,Tankpit,,C:\Falcker\cloud\falcker\AI\OlieDetectie\Willem_set\Alles\20250820-F-51-Tankpit-01.jpeg,20250820-F-51-Tankpit-01.jpeg
F51,2025-08-20 00:00:00,Tankpit,,C:\Falcker\cloud\falcker\AI\OlieDetectie\Willem_set\Alles\20250820-F-51-Tankpit-02.jpeg,20250820-F-51-Tankpit-02.jpeg
F51,2025-08-20 00:00:00,Tankpit,,C:\Falcker\cloud\falcker\AI\OlieDetectie\Willem_set\Alles\20250820-F-51-Tankpit-03.jpeg,20250820-F-51-Tankpit-03.jpeg
F52,2025-08-20 00:00:00,Roof,,C:\Falcker\cloud\falcker\AI\OlieDetectie\Willem_set\Alles\20250820-F-52-Roof.jpeg,20250820-F-52-Roof.jpeg
F53,2025-08-20 00:00:00,Roof,,C:\Falcker\cloud\falcker\AI\OlieDetectie\Willem_set\Alles\20250820-F-53-Roof.jpeg,20250820-F-53-Roof.jpeg
F61,2025-08-20 00:00:00,Roof,,C:\Falcker\cloud\falcker\AI\OlieDetectie\Willem_set\Alles\20250820-F-61-Roof.jpeg,20250820-F-61-Roof.jpeg
F62,2025-08-20 00:00:00,Roof,,C:\Falcker\cloud\falcker\AI\OlieDetectie\Willem_set\Alles\20250820-F-62-Roof.jpeg,20250820-F-62-Roof.jpeg
F63,2025-08-20 00:00:00,Roof,,C:\Falcker\cloud\falcker\AI\OlieDetectie\Willem_set\Alles\20250820-F-63-Roof.jpeg,20250820-F-63-Roof.jpeg
F64,2025-08-20 00:00:00,Roof,,C:\Falcker\cloud\falcker\AI\OlieDetectie\Willem_set\Alles\20250820-F-64-Roof.jpeg,20250820-F-64-Roof.jpeg
F02,2025-08-21 00:00:00,,,C:\Falcker\cloud\falcker\AI\OlieDetectie\Willem_set\Alles\20250821-F02.jpeg,20250821-F02.jpeg
F03,2025-08-21 00:00:00,,,C:\Falcker\cloud\falcker\AI\OlieDetectie\Willem_set\Alles\20250821-F03.jpeg,20250821-F03.jpeg
F04,2025-08-21 00:00:00,,,C:\Falcker\cloud\falcker\AI\OlieDetectie\Willem_set\Alles\20250821-F04.jpeg,20250821-F04.jpeg
F05,2025-08-21 00:00:00,,,C:\Falcker\cloud\falcker\AI\OlieDetectie\Willem_set\Alles\20250821-F05.jpeg,20250821-F05.jpeg
F06,2025-08-21 00:00:00,,,C:\Falcker\cloud\falcker\AI\OlieDetectie\Willem_set\Alles\20250821-F06.jpeg,20250821-F06.jpeg
F07,2025-08-21 00:00:00,,,C:\Falcker\cloud\falcker\AI\OlieDetectie\Willem_set\Alles\20250821-F07.jpeg,20250821-F07.jpeg
F08,2025-08-21 00:00:00,,,C:\Falcker\cloud\falcker\AI\OlieDetectie\Willem_set\Alles\20250821-F08.jpeg,20250821-F08.jpeg
F09,2025-08-21 00:00:00,,,C:\Falcker\cloud\falcker\AI\OlieDetectie\Willem_set\Alles\20250821-F09.jpeg,20250821-F09.jpeg
F11,2025-08-21 00:00:00,,,C:\Falcker\cloud\falcker\AI\OlieDetectie\Willem_set\Alles\20250821-F11.jpeg,20250821-F11.jpeg
F12,2025-08-21 00:00:00,,,C:\Falcker\cloud\falcker\AI\OlieDetectie\Willem_set\Alles\20250821-F12.jpeg,20250821-F12.jpeg
F13,2025-08-21 00:00:00,,,C:\Falcker\cloud\falcker\AI\OlieDetectie\Willem_set\Alles\20250821-F13.jpeg,20250821-F13.jpeg
F14,2025-08-21 00:00:00,,,C:\Falcker\cloud\falcker\AI\OlieDetectie\Willem_set\Alles\20250821-F14.jpeg,20250821-F14.jpeg
F15,2025-08-21 00:00:00,,,C:\Falcker\cloud\falcker\AI\OlieDetectie\Willem_set\Alles\20250821-F15.jpeg,20250821-F15.jpeg
F51,2025-08-21 00:00:00,Roof,,C:\Falcker\cloud\falcker\AI\OlieDetectie\Willem_set\Alles\20250821-F51-Roof01.jpeg,20250821-F51-Roof01.jpeg
F51,2025-08-21 00:00:00,Roof,,C:\Falcker\cloud\falcker\AI\OlieDetectie\Willem_set\Alles\20250821-F51-Roof02.jpeg,20250821-F51-Roof02.jpeg
F51,2025-08-21 00:00:00,Tankpit,,C:\Falcker\cloud\falcker\AI\OlieDetectie\Willem_set\Alles\20250821-F51-Tankpit01.jpeg,20250821-F51-Tankpit01.jpeg
F51,2025-08-21 00:00:00,Tankpit,,C:\Falcker\cloud\falcker\AI\OlieDetectie\Willem_set\Alles\20250821-F51-Tankpit02.jpeg,20250821-F51-Tankpit02.jpeg
F51,2025-08-21 00:00:00,Tankpit,,C:\Falcker\cloud\falcker\AI\OlieDetectie\Willem_set\Alles\20250821-F51-Tankpit03.jpeg,20250821-F51-Tankpit03.jpeg
F52,2025-08-21 00:00:00,,,C:\Falcker\cloud\falcker\AI\OlieDetectie\Willem_set\Alles\20250821-F52.jpeg,20250821-F52.jpeg
F53,2025-08-21 00:00:00,,,C:\Falcker\cloud\falcker\AI\OlieDetectie\Willem_set\Alles\20250821-F53.jpeg,20250821-F53.jpeg
F61,2025-08-21 00:00:00,,,C:\Falcker\cloud\falcker\AI\OlieDetectie\Willem_set\Alles\20250821-F61.jpeg,20250821-F61.jpeg
F62,2025-08-21 00:00:00,,,C:\Falcker\cloud\falcker\AI\OlieDetectie\Willem_set\Alles\20250821-F62.jpeg,20250821-F62.jpeg
F63,2025-08-21 00:00:00,,,C:\Falcker\cloud\falcker\AI\OlieDetectie\Willem_set\Alles\20250821-F63.jpeg,20250821-F63.jpeg
F64,2025-08-21 00:00:00,,,C:\Falcker\cloud\falcker\AI\OlieDetectie\Willem_set\Alles\20250821-F64.jpeg,20250821-F64.jpeg
F52,2025-08-22 00:00:00,Roof,,C:\Falcker\cloud\falcker\AI\OlieDetectie\Willem_set\Alles\20250822-[F-52-Roof].jpeg,20250822-[F-52-Roof].jpeg
F53,2025-08-22 00:00:00,Roof,,C:\Falcker\cloud\falcker\AI\OlieDetectie\Willem_set\Alles\20250822-[F-53-Roof].jpeg,20250822-[F-53-Roof].jpeg
F61,2025-08-22 00:00:00,Roof,,C:\Falcker\cloud\falcker\AI\OlieDetectie\Willem_set\Alles\20250822-[F-61-Roof].jpeg,20250822-[F-61-Roof].jpeg
F62,2025-08-22 00:00:00,Roof,,C:\Falcker\cloud\falcker\AI\OlieDetectie\Willem_set\Alles\20250822-[F-62-Roof].jpeg,20250822-[F-62-Roof].jpeg
F63,2025-08-22 00:00:00,Roof,,C:\Falcker\cloud\falcker\AI\OlieDetectie\Willem_set\Alles\20250822-[F-63-Roof].jpeg,20250822-[F-63-Roof].jpeg
F64,2025-08-22 00:00:00,Roof,,C:\Falcker\cloud\falcker\AI\OlieDetectie\Willem_set\Alles\20250822-[F-64-Roof].jpeg,20250822-[F-64-Roof].jpeg
F02,2025-08-25 00:00:00,,,C:\Falcker\cloud\falcker\AI\OlieDetectie\Willem_set\Alles\20250825-F02.jpeg,20250825-F02.jpeg
F03,2025-08-25 00:00:00,,,C:\Falcker\cloud\falcker\AI\OlieDetectie\Willem_set\Alles\20250825-F03.jpeg,20250825-F03.jpeg
F04,2025-08-25 00:00:00,,,C:\Falcker\cloud\falcker\AI\OlieDetectie\Willem_set\Alles\20250825-F04.jpeg,20250825-F04.jpeg
F05,2025-08-25 00:00:00,,,C:\Falcker\cloud\falcker\AI\OlieDetectie\Willem_set\Alles\20250825-F05.jpeg,20250825-F05.jpeg
F06,2025-08-25 00:00:00,,,C:\Falcker\cloud\falcker\AI\OlieDetectie\Willem_set\Alles\20250825-F06.jpeg,20250825-F06.jpeg
F07,2025-08-25 00:00:00,,,C:\Falcker\cloud\falcker\AI\OlieDetectie\Willem_set\Alles\20250825-F07.jpeg,20250825-F07.jpeg
F08,2025-08-25 00:00:00,,,C:\Falcker\cloud\falcker\AI\OlieDetectie\Willem_set\Alles\20250825-F08.jpeg,20250825-F08.jpeg
F09,2025-08-25 00:00:00,,,C:\Falcker\cloud\falcker\AI\OlieDetectie\Willem_set\Alles\20250825-F09.jpeg,20250825-F09.jpeg
F11,2025-08-25 00:00:00,,,C:\Falcker\cloud\falcker\AI\OlieDetectie\Willem_set\Alles\20250825-F11.jpeg,20250825-F11.jpeg
F12,2025-08-25 00:00:00,,,C:\Falcker\cloud\falcker\AI\OlieDetectie\Willem_set\Alles\20250825-F12.jpeg,20250825-F12.jpeg
F13,2025-08-25 00:00:00,,,C:\Falcker\cloud\falcker\AI\OlieDetectie\Willem_set\Alles\20250825-F13.jpeg,20250825-F13.jpeg
F14,2025-08-25 00:00:00,,,C:\Falcker\cloud\falcker\AI\OlieDetectie\Willem_set\Alles\20250825-F14.jpeg,20250825-F14.jpeg
F15,2025-08-25 00:00:00,,,C:\Falcker\cloud\falcker\AI\OlieDetectie\Willem_set\Alles\20250825-F15.jpeg,20250825-F15.jpeg
F51,2025-08-25 00:00:00,Roof,,C:\Falcker\cloud\falcker\AI\OlieDetectie\Willem_set\Alles\20250825-F51-Roof01.jpeg,20250825-F51-Roof01.jpeg
F51,2025-08-25 00:00:00,Roof,,C:\Falcker\cloud\falcker\AI\OlieDetectie\Willem_set\Alles\20250825-F51-Roof02.jpeg,20250825-F51-Roof02.jpeg
F51,2025-08-25 00:00:00,Tankpit,,C:\Falcker\cloud\falcker\AI\OlieDetectie\Willem_set\Alles\20250825-F51-Tankpit01.jpeg,20250825-F51-Tankpit01.jpeg
F51,2025-08-25 00:00:00,Tankpit,,C:\Falcker\cloud\falcker\AI\OlieDetectie\Willem_set\Alles\20250825-F51-Tankpit02.jpeg,20250825-F51-Tankpit02.jpeg
F51,2025-08-25 00:00:00,Tankpit,,C:\Falcker\cloud\falcker\AI\OlieDetectie\Willem_set\Alles\20250825-F51-Tankpit03.jpeg,20250825-F51-Tankpit03.jpeg
F52,2025-08-25 00:00:00,,,C:\Falcker\cloud\falcker\AI\OlieDetectie\Willem_set\Alles\20250825-F52.jpeg,20250825-F52.jpeg
F53,2025-08-25 00:00:00,,,C:\Falcker\cloud\falcker\AI\OlieDetectie\Willem_set\Alles\20250825-F53.jpeg,20250825-F53.jpeg
F61,2025-08-25 00:00:00,,,C:\Falcker\cloud\falcker\AI\OlieDetectie\Willem_set\Alles\20250825-F61.jpeg,20250825-F61.jpeg
F62,2025-08-25 00:00:00,,,C:\Falcker\cloud\falcker\AI\OlieDetectie\Willem_set\Alles\20250825-F62.jpeg,20250825-F62.jpeg
F63,2025-08-25 00:00:00,,,C:\Falcker\cloud\falcker\AI\OlieDetectie\Willem_set\Alles\20250825-F63.jpeg,20250825-F63.jpeg
F64,2025-08-25 00:00:00,,,C:\Falcker\cloud\falcker\AI\OlieDetectie\Willem_set\Alles\20250825-F64.jpeg,20250825-F64.jpeg
F02,2025-08-26 00:00:00,,,C:\Falcker\cloud\falcker\AI\OlieDetectie\Willem_set\Alles\20250826-F02.jpeg,20250826-F02.jpeg
F04,2025-08-26 00:00:00,,,C:\Falcker\cloud\falcker\AI\OlieDetectie\Willem_set\Alles\20250826-F04.jpeg,20250826-F04.jpeg
F05,2025-08-26 00:00:00,,,C:\Falcker\cloud\falcker\AI\OlieDetectie\Willem_set\Alles\20250826-F05.jpeg,20250826-F05.jpeg
F06,2025-08-26 00:00:00,,,C:\Falcker\cloud\falcker\AI\OlieDetectie\Willem_set\Alles\20250826-F06.jpeg,20250826-F06.jpeg
F07,2025-08-26 00:00:00,,,C:\Falcker\cloud\falcker\AI\OlieDetectie\Willem_set\Alles\20250826-F07.jpeg,20250826-F07.jpeg
F08,2025-08-26 00:00:00,,,C:\Falcker\cloud\falcker\AI\OlieDetectie\Willem_set\Alles\20250826-F08.jpeg,20250826-F08.jpeg
F09,2025-08-26 00:00:00,,,C:\Falcker\cloud\falcker\AI\OlieDetectie\Willem_set\Alles\20250826-F09.jpeg,20250826-F09.jpeg
F11,2025-08-26 00:00:00,,,C:\Falcker\cloud\falcker\AI\OlieDetectie\Willem_set\Alles\20250826-F11.jpeg,20250826-F11.jpeg
F12,2025-08-26 00:00:00,,,C:\Falcker\cloud\falcker\AI\OlieDetectie\Willem_set\Alles\20250826-F12.jpeg,20250826-F12.jpeg
F13,2025-08-26 00:00:00,,,C:\Falcker\cloud\falcker\AI\OlieDetectie\Willem_set\Alles\20250826-F13.jpeg,20250826-F13.jpeg
F14,2025-08-26 00:00:00,,,C:\Falcker\cloud\falcker\AI\OlieDetectie\Willem_set\Alles\20250826-F14.jpeg,20250826-F14.jpeg
F15,2025-08-26 00:00:00,,,C:\Falcker\cloud\falcker\AI\OlieDetectie\Willem_set\Alles\20250826-F15.jpeg,20250826-F15.jpeg
F51,2025-08-26 00:00:00,Roof,,C:\Falcker\cloud\falcker\AI\OlieDetectie\Willem_set\Alles\20250826-F51-Roof01.jpeg,20250826-F51-Roof01.jpeg
F51,2025-08-26 00:00:00,Roof,,C:\Falcker\cloud\falcker\AI\OlieDetectie\Willem_set\Alles\20250826-F51-Roof02.jpeg,20250826-F51-Roof02.jpeg
F51,2025-08-26 00:00:00,Tankpit,,C:\Falcker\cloud\falcker\AI\OlieDetectie\Willem_set\Alles\20250826-F51-Tankpit01.jpeg,20250826-F51-Tankpit01.jpeg
F51,2025-08-26 00:00:00,Tankpit,,C:\Falcker\cloud\falcker\AI\OlieDetectie\Willem_set\Alles\20250826-F51-Tankpit02.jpeg,20250826-F51-Tankpit02.jpeg
F51,2025-08-26 00:00:00,Tankpit,,C:\Falcker\cloud\falcker\AI\OlieDetectie\Willem_set\Alles\20250826-F51-Tankpit03.jpeg,20250826-F51-Tankpit03.jpeg
F52,2025-08-26 00:00:00,,,C:\Falcker\cloud\falcker\AI\OlieDetectie\Willem_set\Alles\20250826-F52.jpeg,20250826-F52.jpeg
F53,2025-08-26 00:00:00,,,C:\Falcker\cloud\falcker\AI\OlieDetectie\Willem_set\Alles\20250826-F53.jpeg,20250826-F53.jpeg
F61,2025-08-26 00:00:00,,,C:\Falcker\cloud\falcker\AI\OlieDetectie\Willem_set\Alles\20250826-F61.jpeg,20250826-F61.jpeg
F62,2025-08-26 00:00:00,,,C:\Falcker\cloud\falcker\AI\OlieDetectie\Willem_set\Alles\20250826-F62.jpeg,20250826-F62.jpeg
F63,2025-08-26 00:00:00,,,C:\Falcker\cloud\falcker\AI\OlieDetectie\Willem_set\Alles\20250826-F63.jpeg,20250826-F63.jpeg
F64,2025-08-26 00:00:00,,,C:\Falcker\cloud\falcker\AI\OlieDetectie\Willem_set\Alles\20250826-F64.jpeg,20250826-F64.jpeg
F02,2025-08-27 00:00:00,,,C:\Falcker\cloud\falcker\AI\OlieDetectie\Willem_set\Alles\20250827-F02.jpeg,20250827-F02.jpeg
F03,2025-08-27 00:00:00,,,C:\Falcker\cloud\falcker\AI\OlieDetectie\Willem_set\Alles\20250827-F03.jpeg,20250827-F03.jpeg
F04,2025-08-27 00:00:00,,,C:\Falcker\cloud\falcker\AI\OlieDetectie\Willem_set\Alles\20250827-F04.jpeg,20250827-F04.jpeg
F05,2025-08-27 00:00:00,,,C:\Falcker\cloud\falcker\AI\OlieDetectie\Willem_set\Alles\20250827-F05.jpeg,20250827-F05.jpeg
F06,2025-08-27 00:00:00,,,C:\Falcker\cloud\falcker\AI\OlieDetectie\Willem_set\Alles\20250827-F06.jpeg,20250827-F06.jpeg
F07,2025-08-27 00:00:00,,,C:\Falcker\cloud\falcker\AI\OlieDetectie\Willem_set\Alles\20250827-F07.jpeg,20250827-F07.jpeg
F08,2025-08-27 00:00:00,,,C:\Falcker\cloud\falcker\AI\OlieDetectie\Willem_set\Alles\20250827-F08.jpeg,20250827-F08.jpeg
F09,2025-08-27 00:00:00,,,C:\Falcker\cloud\falcker\AI\OlieDetectie\Willem_set\Alles\20250827-F09.jpeg,20250827-F09.jpeg
F11,2025-08-27 00:00:00,,,C:\Falcker\cloud\falcker\AI\OlieDetectie\Willem_set\Alles\20250827-F11.jpeg,20250827-F11.jpeg
F12,2025-08-27 00:00:00,,,C:\Falcker\cloud\falcker\AI\OlieDetectie\Willem_set\Alles\20250827-F12.jpeg,20250827-F12.jpeg
F13,2025-08-27 00:00:00,,,C:\Falcker\cloud\falcker\AI\OlieDetectie\Willem_set\Alles\20250827-F13.jpeg,20250827-F13.jpeg
F14,2025-08-27 00:00:00,,,C:\Falcker\cloud\falcker\AI\OlieDetectie\Willem_set\Alles\20250827-F14.jpeg,20250827-F14.jpeg
F15,2025-08-27 00:00:00,,,C:\Falcker\cloud\falcker\AI\OlieDetectie\Willem_set\Alles\20250827-F15.jpeg,20250827-F15.jpeg
F51,2025-08-27 00:00:00,Roof,,C:\Falcker\cloud\falcker\AI\OlieDetectie\Willem_set\Alles\20250827-F51-Roof01.jpeg,20250827-F51-Roof01.jpeg
F51,2025-08-27 00:00:00,Roof,,C:\Falcker\cloud\falcker\AI\OlieDetectie\Willem_set\Alles\20250827-F51-Roof02.jpeg,20250827-F51-Roof02.jpeg
F51,2025-08-27 00:00:00,Tankpit,,C:\Falcker\cloud\falcker\AI\OlieDetectie\Willem_set\Alles\20250827-F51-Tankpit-01.jpeg,20250827-F51-Tankpit-01.jpeg
F51,2025-08-27 00:00:00,Tankpit,,C:\Falcker\cloud\falcker\AI\OlieDetectie\Willem_set\Alles\20250827-F51-Tankpit-02.jpeg,20250827-F51-Tankpit-02.jpeg
F51,2025-08-27 00:00:00,Tankpit,,C:\Falcker\cloud\falcker\AI\OlieDetectie\Willem_set\Alles\20250827-F51-Tankpit-03.jpeg,20250827-F51-Tankpit-03.jpeg
F52,2025-08-27 00:00:00,,,C:\Falcker\cloud\falcker\AI\OlieDetectie\Willem_set\Alles\20250827-F52.jpeg,20250827-F52.jpeg
F53,2025-08-27 00:00:00,,,C:\Falcker\cloud\falcker\AI\OlieDetectie\Willem_set\Alles\20250827-F53.jpeg,20250827-F53.jpeg
F61,2025-08-27 00:00:00,,,C:\Falcker\cloud\falcker\AI\OlieDetectie\Willem_set\Alles\20250827-F61.jpeg,20250827-F61.jpeg
F62,2025-08-27 00:00:00,,,C:\Falcker\cloud\falcker\AI\OlieDetectie\Willem_set\Alles\20250827-F62.jpeg,20250827-F62.jpeg
F63,2025-08-27 00:00:00,,,C:\Falcker\cloud\falcker\AI\OlieDetectie\Willem_set\Alles\20250827-F63.jpeg,20250827-F63.jpeg
F64,2025-08-27 00:00:00,,,C:\Falcker\cloud\falcker\AI\OlieDetectie\Willem_set\Alles\20250827-F64.jpeg,20250827-F64.jpeg
F02,2025-08-28 00:00:00,,,C:\Falcker\cloud\falcker\AI\OlieDetectie\Willem_set\Alles\20250828-F02.jpeg,20250828-F02.jpeg
F03,2025-08-28 00:00:00,,,C:\Falcker\cloud\falcker\AI\OlieDetectie\Willem_set\Alles\20250828-F03.jpeg,20250828-F03.jpeg
F04,2025-08-28 00:00:00,,,C:\Falcker\cloud\falcker\AI\OlieDetectie\Willem_set\Alles\20250828-F04.jpeg,20250828-F04.jpeg
F05,2025-08-28 00:00:00,,,C:\Falcker\cloud\falcker\AI\OlieDetectie\Willem_set\Alles\20250828-F05.jpeg,20250828-F05.jpeg
F06,2025-08-28 00:00:00,,,C:\Falcker\cloud\falcker\AI\OlieDetectie\Willem_set\Alles\20250828-F06.jpeg,20250828-F06.jpeg
F07,2025-08-28 00:00:00,,,C:\Falcker\cloud\falcker\AI\OlieDetectie\Willem_set\Alles\20250828-F07.jpeg,20250828-F07.jpeg
F08,2025-08-28 00:00:00,,,C:\Falcker\cloud\falcker\AI\OlieDetectie\Willem_set\Alles\20250828-F08.jpeg,20250828-F08.jpeg
F09,2025-08-28 00:00:00,,,C:\Falcker\cloud\falcker\AI\OlieDetectie\Willem_set\Alles\20250828-F09.jpeg,20250828-F09.jpeg
F11,2025-08-28 00:00:00,,,C:\Falcker\cloud\falcker\AI\OlieDetectie\Willem_set\Alles\20250828-F11.jpeg,20250828-F11.jpeg
F12,2025-08-28 00:00:00,,,C:\Falcker\cloud\falcker\AI\OlieDetectie\Willem_set\Alles\20250828-F12.jpeg,20250828-F12.jpeg
F13,2025-08-28 00:00:00,,,C:\Falcker\cloud\falcker\AI\OlieDetectie\Willem_set\Alles\20250828-F13.jpeg,20250828-F13.jpeg
F14,2025-08-28 00:00:00,,,C:\Falcker\cloud\falcker\AI\OlieDetectie\Willem_set\Alles\20250828-F14.jpeg,20250828-F14.jpeg
F15,2025-08-28 00:00:00,,,C:\Falcker\cloud\falcker\AI\OlieDetectie\Willem_set\Alles\20250828-F15.jpeg,20250828-F15.jpeg
F51,2025-08-28 00:00:00,Roof,,C:\Falcker\cloud\falcker\AI\OlieDetectie\Willem_set\Alles\20250828-F51-Roof01.jpeg,20250828-F51-Roof01.jpeg
F51,2025-08-28 00:00:00,Roof,,C:\Falcker\cloud\falcker\AI\OlieDetectie\Willem_set\Alles\20250828-F51-Roof02.jpeg,20250828-F51-Roof02.jpeg
F51,2025-08-28 00:00:00,Tankpit,,C:\Falcker\cloud\falcker\AI\OlieDetectie\Willem_set\Alles\20250828-F51-Tankpit01.jpeg,20250828-F51-Tankpit01.jpeg
F51,2025-08-28 00:00:00,Tankpit,,C:\Falcker\cloud\falcker\AI\OlieDetectie\Willem_set\Alles\20250828-F51-Tankpit02.jpeg,20250828-F51-Tankpit02.jpeg
F51,2025-08-28 00:00:00,Tankpit,,C:\Falcker\cloud\falcker\AI\OlieDetectie\Willem_set\Alles\20250828-F51-Tankpit03.jpeg,20250828-F51-Tankpit03.jpeg
F52,2025-08-28 00:00:00,,,C:\Falcker\cloud\falcker\AI\OlieDetectie\Willem_set\Alles\20250828-F52.jpeg,20250828-F52.jpeg
F53,2025-08-28 00:00:00,,,C:\Falcker\cloud\falcker\AI\OlieDetectie\Willem_set\Alles\20250828-F53.jpeg,20250828-F53.jpeg
F61,2025-08-28 00:00:00,,,C:\Falcker\cloud\falcker\AI\OlieDetectie\Willem_set\Alles\20250828-F61.jpeg,20250828-F61.jpeg
F62,2025-08-28 00:00:00,,,C:\Falcker\cloud\falcker\AI\OlieDetectie\Willem_set\Alles\20250828-F62.jpeg,20250828-F62.jpeg
F63,2025-08-28 00:00:00,,,C:\Falcker\cloud\falcker\AI\OlieDetectie\Willem_set\Alles\20250828-F63.jpeg,20250828-F63.jpeg
F64,2025-08-28 00:00:00,,,C:\Falcker\cloud\falcker\AI\OlieDetectie\Willem_set\Alles\20250828-F64.jpeg,20250828-F64.jpeg
F52,2025-08-29 00:00:00,Roof,,C:\Falcker\cloud\falcker\AI\OlieDetectie\Willem_set\Alles\20250829-[F-52-Roof].jpeg,20250829-[F-52-Roof].jpeg
F53,2025-08-29 00:00:00,Roof,,C:\Falcker\cloud\falcker\AI\OlieDetectie\Willem_set\Alles\20250829-[F-53-Roof].jpeg,20250829-[F-53-Roof].jpeg
F61,2025-08-29 00:00:00,Roof,,C:\Falcker\cloud\falcker\AI\OlieDetectie\Willem_set\Alles\20250829-[F-61-Roof].jpeg,20250829-[F-61-Roof].jpeg
F62,2025-08-29 00:00:00,Roof,,C:\Falcker\cloud\falcker\AI\OlieDetectie\Willem_set\Alles\20250829-[F-62-Roof].jpeg,20250829-[F-62-Roof].jpeg
F63,2025-08-29 00:00:00,Roof,,C:\Falcker\cloud\falcker\AI\OlieDetectie\Willem_set\Alles\20250829-[F-63-Roof].jpeg,20250829-[F-63-Roof].jpeg
F64,2025-08-29 00:00:00,Roof,,C:\Falcker\cloud\falcker\AI\OlieDetectie\Willem_set\Alles\20250829-[F-64-Roof].jpeg,20250829-[F-64-Roof].jpeg
F02,2025-09-01 00:00:00,Roof,,C:\Falcker\cloud\falcker\AI\OlieDetectie\Willem_set\Alles\20250901-F-02-Roof.jpeg,20250901-F-02-Roof.jpeg
F03,2025-09-01 00:00:00,Roof,,C:\Falcker\cloud\falcker\AI\OlieDetectie\Willem_set\Alles\20250901-F-03-Roof.jpeg,20250901-F-03-Roof.jpeg
F04,2025-09-01 00:00:00,Roof,,C:\Falcker\cloud\falcker\AI\OlieDetectie\Willem_set\Alles\20250901-F-04-Roof.jpeg,20250901-F-04-Roof.jpeg
F05,2025-09-01 00:00:00,Roof,,C:\Falcker\cloud\falcker\AI\OlieDetectie\Willem_set\Alles\20250901-F-05-Roof.jpeg,20250901-F-05-Roof.jpeg
F06,2025-09-01 00:00:00,Roof,,C:\Falcker\cloud\falcker\AI\OlieDetectie\Willem_set\Alles\20250901-F-06-Roof.jpeg,20250901-F-06-Roof.jpeg
F07,2025-09-01 00:00:00,Roof,,C:\Falcker\cloud\falcker\AI\OlieDetectie\Willem_set\Alles\20250901-F-07-Roof.jpeg,20250901-F-07-Roof.jpeg
F08,2025-09-01 00:00:00,Roof,,C:\Falcker\cloud\falcker\AI\OlieDetectie\Willem_set\Alles\20250901-F-08-Roof.jpeg,20250901-F-08-Roof.jpeg
F09,2025-09-01 00:00:00,Roof,,C:\Falcker\cloud\falcker\AI\OlieDetectie\Willem_set\Alles\20250901-F-09-Roof.jpeg,20250901-F-09-Roof.jpeg
F11,2025-09-01 00:00:00,Roof,,C:\Falcker\cloud\falcker\AI\OlieDetectie\Willem_set\Alles\20250901-F-11-Roof.jpeg,20250901-F-11-Roof.jpeg
F12,2025-09-01 00:00:00,Roof,,C:\Falcker\cloud\falcker\AI\OlieDetectie\Willem_set\Alles\20250901-F-12-Roof.jpeg,20250901-F-12-Roof.jpeg
F13,2025-09-01 00:00:00,Roof,,C:\Falcker\cloud\falcker\AI\OlieDetectie\Willem_set\Alles\20250901-F-13-Roof.jpeg,20250901-F-13-Roof.jpeg
F14,2025-09-01 00:00:00,Roof,,C:\Falcker\cloud\falcker\AI\OlieDetectie\Willem_set\Alles\20250901-F-14-Roof.jpeg,20250901-F-14-Roof.jpeg
F15,2025-09-01 00:00:00,Roof,,C:\Falcker\cloud\falcker\AI\OlieDetectie\Willem_set\Alles\20250901-F-15-Roof.jpeg,20250901-F-15-Roof.jpeg
F51,2025-09-01 00:00:00,Roof,,C:\Falcker\cloud\falcker\AI\OlieDetectie\Willem_set\Alles\20250901-F-51-Roof-01.jpeg,20250901-F-51-Roof-01.jpeg
F51,2025-09-01 00:00:00,Roof,,C:\Falcker\cloud\falcker\AI\OlieDetectie\Willem_set\Alles\20250901-F-51-Roof-02.jpeg,20250901-F-51-Roof-02.jpeg
F51,2025-09-01 00:00:00,Tankpit,,C:\Falcker\cloud\falcker\AI\OlieDetectie\Willem_set\Alles\20250901-F-51-Tankpit-01.jpeg,20250901-F-51-Tankpit-01.jpeg
F51,2025-09-01 00:00:00,Tankpit,,C:\Falcker\cloud\falcker\AI\OlieDetectie\Willem_set\Alles\20250901-F-51-Tankpit-02.jpeg,20250901-F-51-Tankpit-02.jpeg
F51,2025-09-01 00:00:00,Tankpit,,C:\Falcker\cloud\falcker\AI\OlieDetectie\Willem_set\Alles\20250901-F-51-Tankpit-03.jpeg,20250901-F-51-Tankpit-03.jpeg
F52,2025-09-01 00:00:00,Roof,,C:\Falcker\cloud\falcker\AI\OlieDetectie\Willem_set\Alles\20250901-F-52-Roof.jpeg,20250901-F-52-Roof.jpeg
F53,2025-09-01 00:00:00,Roof,,C:\Falcker\cloud\falcker\AI\OlieDetectie\Willem_set\Alles\20250901-F-53-Roof.jpeg,20250901-F-53-Roof.jpeg
F61,2025-09-01 00:00:00,Roof,,C:\Falcker\cloud\falcker\AI\OlieDetectie\Willem_set\Alles\20250901-F-61-Roof.jpeg,20250901-F-61-Roof.jpeg
F62,2025-09-01 00:00:00,Roof,,C:\Falcker\cloud\falcker\AI\OlieDetectie\Willem_set\Alles\20250901-F-62-Roof.jpeg,20250901-F-62-Roof.jpeg
F63,2025-09-01 00:00:00,Roof,,C:\Falcker\cloud\falcker\AI\OlieDetectie\Willem_set\Alles\20250901-F-63-Roof.jpeg,20250901-F-63-Roof.jpeg
F64,2025-09-01 00:00:00,Roof,,C:\Falcker\cloud\falcker\AI\OlieDetectie\Willem_set\Alles\20250901-F-64-Roof.jpeg,20250901-F-64-Roof.jpeg
F52,2025-09-01 00:00:00,Roof,,C:\Falcker\cloud\falcker\AI\OlieDetectie\Willem_set\Alles\20250901-[F-52-Roof].jpeg,20250901-[F-52-Roof].jpeg
F53,2025-09-01 00:00:00,Roof,,C:\Falcker\cloud\falcker\AI\OlieDetectie\Willem_set\Alles\20250901-[F-53-Roof].jpeg,20250901-[F-53-Roof].jpeg
F61,2025-09-01 00:00:00,Roof,,C:\Falcker\cloud\falcker\AI\OlieDetectie\Willem_set\Alles\20250901-[F-61-Roof].jpeg,20250901-[F-61-Roof].jpeg
F62,2025-09-01 00:00:00,Roof,,C:\Falcker\cloud\falcker\AI\OlieDetectie\Willem_set\Alles\20250901-[F-62-Roof].jpeg,20250901-[F-62-Roof].jpeg
F63,2025-09-01 00:00:00,Roof,,C:\Falcker\cloud\falcker\AI\OlieDetectie\Willem_set\Alles\20250901-[F-63-Roof].jpeg,20250901-[F-63-Roof].jpeg
F64,2025-09-01 00:00:00,Roof,,C:\Falcker\cloud\falcker\AI\OlieDetectie\Willem_set\Alles\20250901-[F-64-Roof].jpeg,20250901-[F-64-Roof].jpeg
F02,2025-09-04 00:00:00,Roof,,C:\Falcker\cloud\falcker\AI\OlieDetectie\Willem_set\Alles\20250904-F-02-Roof.jpeg,20250904-F-02-Roof.jpeg
F03,2025-09-04 00:00:00,Roof,,C:\Falcker\cloud\falcker\AI\OlieDetectie\Willem_set\Alles\20250904-F-03-Roof.jpeg,20250904-F-03-Roof.jpeg
F04,2025-09-04 00:00:00,Roof,,C:\Falcker\cloud\falcker\AI\OlieDetectie\Willem_set\Alles\20250904-F-04-Roof.jpeg,20250904-F-04-Roof.jpeg
F05,2025-09-04 00:00:00,Roof,,C:\Falcker\cloud\falcker\AI\OlieDetectie\Willem_set\Alles\20250904-F-05-Roof.jpeg,20250904-F-05-Roof.jpeg
F06,2025-09-04 00:00:00,Roof,,C:\Falcker\cloud\falcker\AI\OlieDetectie\Willem_set\Alles\20250904-F-06-Roof.jpeg,20250904-F-06-Roof.jpeg
F07,2025-09-04 00:00:00,Roof,,C:\Falcker\cloud\falcker\AI\OlieDetectie\Willem_set\Alles\20250904-F-07-Roof.jpeg,20250904-F-07-Roof.jpeg
F08,2025-09-04 00:00:00,Roof,,C:\Falcker\cloud\falcker\AI\OlieDetectie\Willem_set\Alles\20250904-F-08-Roof.jpeg,20250904-F-08-Roof.jpeg
F09,2025-09-04 00:00:00,Roof,,C:\Falcker\cloud\falcker\AI\OlieDetectie\Willem_set\Alles\20250904-F-09-Roof.jpeg,20250904-F-09-Roof.jpeg
F11,2025-09-04 00:00:00,Roof,,C:\Falcker\cloud\falcker\AI\OlieDetectie\Willem_set\Alles\20250904-F-11-Roof.jpeg,20250904-F-11-Roof.jpeg
F12,2025-09-04 00:00:00,Roof,,C:\Falcker\cloud\falcker\AI\OlieDetectie\Willem_set\Alles\20250904-F-12-Roof.jpeg,20250904-F-12-Roof.jpeg
F13,2025-09-04 00:00:00,Roof,,C:\Falcker\cloud\falcker\AI\OlieDetectie\Willem_set\Alles\20250904-F-13-Roof.jpeg,20250904-F-13-Roof.jpeg
F14,2025-09-04 00:00:00,Roof,,C:\Falcker\cloud\falcker\AI\OlieDetectie\Willem_set\Alles\20250904-F-14-Roof.jpeg,20250904-F-14-Roof.jpeg
F15,2025-09-04 00:00:00,Roof,,C:\Falcker\cloud\falcker\AI\OlieDetectie\Willem_set\Alles\20250904-F-15-Roof.jpeg,20250904-F-15-Roof.jpeg
F51,2025-09-04 00:00:00,Roof,,C:\Falcker\cloud\falcker\AI\OlieDetectie\Willem_set\Alles\20250904-F-51-Roof-01.jpeg,20250904-F-51-Roof-01.jpeg
F51,2025-09-04 00:00:00,Roof,,C:\Falcker\cloud\falcker\AI\OlieDetectie\Willem_set\Alles\20250904-F-51-Roof-02.jpeg,20250904-F-51-Roof-02.jpeg
F51,2025-09-04 00:00:00,Tankpit,,C:\Falcker\cloud\falcker\AI\OlieDetectie\Willem_set\Alles\20250904-F-51-Tankpit-01.jpeg,20250904-F-51-Tankpit-01.jpeg
F51,2025-09-04 00:00:00,Tankpit,,C:\Falcker\cloud\falcker\AI\OlieDetectie\Willem_set\Alles\20250904-F-51-Tankpit-02.jpeg,20250904-F-51-Tankpit-02.jpeg
F51,2025-09-04 00:00:00,Tankpit,,C:\Falcker\cloud\falcker\AI\OlieDetectie\Willem_set\Alles\20250904-F-51-Tankpit-03.jpeg,20250904-F-51-Tankpit-03.jpeg
F52,2025-09-04 00:00:00,Roof,,C:\Falcker\cloud\falcker\AI\OlieDetectie\Willem_set\Alles\20250904-F-52-Roof.jpeg,20250904-F-52-Roof.jpeg
F53,2025-09-04 00:00:00,Roof,,C:\Falcker\cloud\falcker\AI\OlieDetectie\Willem_set\Alles\20250904-F-53-Roof.jpeg,20250904-F-53-Roof.jpeg
F61,2025-09-04 00:00:00,Roof,,C:\Falcker\cloud\falcker\AI\OlieDetectie\Willem_set\Alles\20250904-F-61-Roof.jpeg,20250904-F-61-Roof.jpeg
F62,2025-09-04 00:00:00,Roof,,C:\Falcker\cloud\falcker\AI\OlieDetectie\Willem_set\Alles\20250904-F-62-Roof.jpeg,20250904-F-62-Roof.jpeg
F63,2025-09-04 00:00:00,Roof,,C:\Falcker\cloud\falcker\AI\OlieDetectie\Willem_set\Alles\20250904-F-63-Roof.jpeg,20250904-F-63-Roof.jpeg
F64,2025-09-04 00:00:00,Roof,,C:\Falcker\cloud\falcker\AI\OlieDetectie\Willem_set\Alles\20250904-F-64-Roof.jpeg,20250904-F-64-Roof.jpeg
F02,2025-09-05 00:00:00,Roof,,C:\Falcker\cloud\falcker\AI\OlieDetectie\Willem_set\Alles\20250905-F-02-Roof.jpeg,20250905-F-02-Roof.jpeg
F03,2025-09-05 00:00:00,Roof,,C:\Falcker\cloud\falcker\AI\OlieDetectie\Willem_set\Alles\20250905-F-03-Roof.jpeg,20250905-F-03-Roof.jpeg
F04,2025-09-05 00:00:00,Roof,,C:\Falcker\cloud\falcker\AI\OlieDetectie\Willem_set\Alles\20250905-F-04-Roof.jpeg,20250905-F-04-Roof.jpeg
F05,2025-09-05 00:00:00,Roof,,C:\Falcker\cloud\falcker\AI\OlieDetectie\Willem_set\Alles\20250905-F-05-Roof.jpeg,20250905-F-05-Roof.jpeg
F06,2025-09-05 00:00:00,Roof,,C:\Falcker\cloud\falcker\AI\OlieDetectie\Willem_set\Alles\20250905-F-06-Roof.jpeg,20250905-F-06-Roof.jpeg
F07,2025-09-05 00:00:00,Roof,,C:\Falcker\cloud\falcker\AI\OlieDetectie\Willem_set\Alles\20250905-F-07-Roof.jpeg,20250905-F-07-Roof.jpeg
F08,2025-09-05 00:00:00,Roof,,C:\Falcker\cloud\falcker\AI\OlieDetectie\Willem_set\Alles\20250905-F-08-Roof.jpeg,20250905-F-08-Roof.jpeg
F09,2025-09-05 00:00:00,Roof,,C:\Falcker\cloud\falcker\AI\OlieDetectie\Willem_set\Alles\20250905-F-09-Roof.jpeg,20250905-F-09-Roof.jpeg
F11,2025-09-05 00:00:00,Roof,,C:\Falcker\cloud\falcker\AI\OlieDetectie\Willem_set\Alles\20250905-F-11-Roof.jpeg,20250905-F-11-Roof.jpeg
F12,2025-09-05 00:00:00,Roof,,C:\Falcker\cloud\falcker\AI\OlieDetectie\Willem_set\Alles\20250905-F-12-Roof.jpeg,20250905-F-12-Roof.jpeg
F13,2025-09-05 00:00:00,Roof,,C:\Falcker\cloud\falcker\AI\OlieDetectie\Willem_set\Alles\20250905-F-13-Roof.jpeg,20250905-F-13-Roof.jpeg
F14,2025-09-05 00:00:00,Roof,,C:\Falcker\cloud\falcker\AI\OlieDetectie\Willem_set\Alles\20250905-F-14-Roof.jpeg,20250905-F-14-Roof.jpeg
F15,2025-09-05 00:00:00,Roof,,C:\Falcker\cloud\falcker\AI\OlieDetectie\Willem_set\Alles\20250905-F-15-Roof.jpeg,20250905-F-15-Roof.jpeg
F51,2025-09-05 00:00:00,Roof,,C:\Falcker\cloud\falcker\AI\OlieDetectie\Willem_set\Alles\20250905-F-51-Roof-01.jpeg,20250905-F-51-Roof-01.jpeg
F51,2025-09-05 00:00:00,Roof,,C:\Falcker\cloud\falcker\AI\OlieDetectie\Willem_set\Alles\20250905-F-51-Roof-02.jpeg,20250905-F-51-Roof-02.jpeg
F51,2025-09-05 00:00:00,Tankpit,,C:\Falcker\cloud\falcker\AI\OlieDetectie\Willem_set\Alles\20250905-F-51-Tankpit-01.jpeg,20250905-F-51-Tankpit-01.jpeg
F51,2025-09-05 00:00:00,Tankpit,,C:\Falcker\cloud\falcker\AI\OlieDetectie\Willem_set\Alles\20250905-F-51-Tankpit-02.jpeg,20250905-F-51-Tankpit-02.jpeg
F51,2025-09-05 00:00:00,Tankpit,,C:\Falcker\cloud\falcker\AI\OlieDetectie\Willem_set\Alles\20250905-F-51-Tankpit-03.jpeg,20250905-F-51-Tankpit-03.jpeg
F52,2025-09-05 00:00:00,Roof,,C:\Falcker\cloud\falcker\AI\OlieDetectie\Willem_set\Alles\20250905-F-52-Roof.jpeg,20250905-F-52-Roof.jpeg
F53,2025-09-05 00:00:00,Roof,,C:\Falcker\cloud\falcker\AI\OlieDetectie\Willem_set\Alles\20250905-F-53-Roof.jpeg,20250905-F-53-Roof.jpeg
F61,2025-09-05 00:00:00,Roof,,C:\Falcker\cloud\falcker\AI\OlieDetectie\Willem_set\Alles\20250905-F-61-Roof.jpeg,20250905-F-61-Roof.jpeg
F62,2025-09-05 00:00:00,Roof,,C:\Falcker\cloud\falcker\AI\OlieDetectie\Willem_set\Alles\20250905-F-62-Roof.jpeg,20250905-F-62-Roof.jpeg
F63,2025-09-05 00:00:00,Roof,,C:\Falcker\cloud\falcker\AI\OlieDetectie\Willem_set\Alles\20250905-F-63-Roof.jpeg,20250905-F-63-Roof.jpeg
F64,2025-09-05 00:00:00,Roof,,C:\Falcker\cloud\falcker\AI\OlieDetectie\Willem_set\Alles\20250905-F-64-Roof.jpeg,20250905-F-64-Roof.jpeg
F02,2025-09-08 00:00:00,,,C:\Falcker\cloud\falcker\AI\OlieDetectie\Willem_set\Alles\20250908-F02.jpeg,20250908-F02.jpeg
F03,2025-09-08 00:00:00,,,C:\Falcker\cloud\falcker\AI\OlieDetectie\Willem_set\Alles\20250908-F03.jpeg,20250908-F03.jpeg
F04,2025-09-08 00:00:00,,,C:\Falcker\cloud\falcker\AI\OlieDetectie\Willem_set\Alles\20250908-F04.jpeg,20250908-F04.jpeg
F05,2025-09-08 00:00:00,,,C:\Falcker\cloud\falcker\AI\OlieDetectie\Willem_set\Alles\20250908-F05.jpeg,20250908-F05.jpeg
F06,2025-09-08 00:00:00,,,C:\Falcker\cloud\falcker\AI\OlieDetectie\Willem_set\Alles\20250908-F06.jpeg,20250908-F06.jpeg
F07,2025-09-08 00:00:00,,,C:\Falcker\cloud\falcker\AI\OlieDetectie\Willem_set\Alles\20250908-F07.jpeg,20250908-F07.jpeg
F08,2025-09-08 00:00:00,,,C:\Falcker\cloud\falcker\AI\OlieDetectie\Willem_set\Alles\20250908-F08.jpeg,20250908-F08.jpeg
F09,2025-09-08 00:00:00,,,C:\Falcker\cloud\falcker\AI\OlieDetectie\Willem_set\Alles\20250908-F09.jpeg,20250908-F09.jpeg
F11,2025-09-08 00:00:00,,,C:\Falcker\cloud\falcker\AI\OlieDetectie\Willem_set\Alles\20250908-F11.jpeg,20250908-F11.jpeg
F12,2025-09-08 00:00:00,,,C:\Falcker\cloud\falcker\AI\OlieDetectie\Willem_set\Alles\20250908-F12.jpeg,20250908-F12.jpeg
F13,2025-09-08 00:00:00,,,C:\Falcker\cloud\falcker\AI\OlieDetectie\Willem_set\Alles\20250908-F13.jpeg,20250908-F13.jpeg
F14,2025-09-08 00:00:00,,,C:\Falcker\cloud\falcker\AI\OlieDetectie\Willem_set\Alles\20250908-F14.jpeg,20250908-F14.jpeg
F15,2025-09-08 00:00:00,,,C:\Falcker\cloud\falcker\AI\OlieDetectie\Willem_set\Alles\20250908-F15.jpeg,20250908-F15.jpeg
F51,2025-09-08 00:00:00,Roof,,C:\Falcker\cloud\falcker\AI\OlieDetectie\Willem_set\Alles\20250908-F51-Roof-01.jpeg,20250908-F51-Roof-01.jpeg
F51,2025-09-08 00:00:00,Roof,,C:\Falcker\cloud\falcker\AI\OlieDetectie\Willem_set\Alles\20250908-F51-Roof-02.jpeg,20250908-F51-Roof-02.jpeg
F51,2025-09-08 00:00:00,Tankpit,,C:\Falcker\cloud\falcker\AI\OlieDetectie\Willem_set\Alles\20250908-F51-Tankpit-01.jpeg,20250908-F51-Tankpit-01.jpeg
F51,2025-09-08 00:00:00,Tankpit,,C:\Falcker\cloud\falcker\AI\OlieDetectie\Willem_set\Alles\20250908-F51-Tankpit-02.jpeg,20250908-F51-Tankpit-02.jpeg
F51,2025-09-08 00:00:00,Tankpit,,C:\Falcker\cloud\falcker\AI\OlieDetectie\Willem_set\Alles\20250908-F51-Tankpit-03.jpeg,20250908-F51-Tankpit-03.jpeg
F52,2025-09-08 00:00:00,,,C:\Falcker\cloud\falcker\AI\OlieDetectie\Willem_set\Alles\20250908-F52.jpeg,20250908-F52.jpeg
F53,2025-09-08 00:00:00,,,C:\Falcker\cloud\falcker\AI\OlieDetectie\Willem_set\Alles\20250908-F53.jpeg,20250908-F53.jpeg
F61,2025-09-08 00:00:00,,,C:\Falcker\cloud\falcker\AI\OlieDetectie\Willem_set\Alles\20250908-F61.jpeg,20250908-F61.jpeg
F62,2025-09-08 00:00:00,,,C:\Falcker\cloud\falcker\AI\OlieDetectie\Willem_set\Alles\20250908-F62.jpeg,20250908-F62.jpeg
F63,2025-09-08 00:00:00,,,C:\Falcker\cloud\falcker\AI\OlieDetectie\Willem_set\Alles\20250908-F63.jpeg,20250908-F63.jpeg
F64,2025-09-08 00:00:00,,,C:\Falcker\cloud\falcker\AI\OlieDetectie\Willem_set\Alles\20250908-F64.jpeg,20250908-F64.jpeg
F52,2025-09-09 00:00:00,Roof,,C:\Falcker\cloud\falcker\AI\OlieDetectie\Willem_set\Alles\20250909-[F-52-Roof].jpeg,20250909-[F-52-Roof].jpeg
F53,2025-09-09 00:00:00,Roof,,C:\Falcker\cloud\falcker\AI\OlieDetectie\Willem_set\Alles\20250909-[F-53-Roof].jpeg,20250909-[F-53-Roof].jpeg
F61,2025-09-09 00:00:00,Roof,,C:\Falcker\cloud\falcker\AI\OlieDetectie\Willem_set\Alles\20250909-[F-61-Roof].jpeg,20250909-[F-61-Roof].jpeg
F62,2025-09-09 00:00:00,Roof,,C:\Falcker\cloud\falcker\AI\OlieDetectie\Willem_set\Alles\20250909-[F-62-Roof].jpeg,20250909-[F-62-Roof].jpeg
F63,2025-09-09 00:00:00,Roof,,C:\Falcker\cloud\falcker\AI\OlieDetectie\Willem_set\Alles\20250909-[F-63-Roof].jpeg,20250909-[F-63-Roof].jpeg
F64,2025-09-09 00:00:00,Roof,,C:\Falcker\cloud\falcker\AI\OlieDetectie\Willem_set\Alles\20250909-[F-64-Roof].jpeg,20250909-[F-64-Roof].jpeg
F52,2025-09-10 00:00:00,Roof,,C:\Falcker\cloud\falcker\AI\OlieDetectie\Willem_set\Alles\20250910-[F-52-Roof].jpeg,20250910-[F-52-Roof].jpeg
F53,2025-09-10 00:00:00,Roof,,C:\Falcker\cloud\falcker\AI\OlieDetectie\Willem_set\Alles\20250910-[F-53-Roof].jpeg,20250910-[F-53-Roof].jpeg
F61,2025-09-10 00:00:00,Roof,,C:\Falcker\cloud\falcker\AI\OlieDetectie\Willem_set\Alles\20250910-[F-61-Roof].jpeg,20250910-[F-61-Roof].jpeg
F62,2025-09-10 00:00:00,Roof,,C:\Falcker\cloud\falcker\AI\OlieDetectie\Willem_set\Alles\20250910-[F-62-Roof].jpeg,20250910-[F-62-Roof].jpeg
F63,2025-09-10 00:00:00,Roof,,C:\Falcker\cloud\falcker\AI\OlieDetectie\Willem_set\Alles\20250910-[F-63-Roof].jpeg,20250910-[F-63-Roof].jpeg
F64,2025-09-10 00:00:00,Roof,,C:\Falcker\cloud\falcker\AI\OlieDetectie\Willem_set\Alles\20250910-[F-64-Roof].jpeg,20250910-[F-64-Roof].jpeg
F52,2025-09-11 00:00:00,Roof,,C:\Falcker\cloud\falcker\AI\OlieDetectie\Willem_set\Alles\20250911-[F-52-Roof].jpeg,20250911-[F-52-Roof].jpeg
F53,2025-09-11 00:00:00,Roof,,C:\Falcker\cloud\falcker\AI\OlieDetectie\Willem_set\Alles\20250911-[F-53-Roof].jpeg,20250911-[F-53-Roof].jpeg
F61,2025-09-11 00:00:00,Roof,,C:\Falcker\cloud\falcker\AI\OlieDetectie\Willem_set\Alles\20250911-[F-61-Roof].jpeg,20250911-[F-61-Roof].jpeg
F62,2025-09-11 00:00:00,Roof,,C:\Falcker\cloud\falcker\AI\OlieDetectie\Willem_set\Alles\20250911-[F-62-Roof].jpeg,20250911-[F-62-Roof].jpeg
F63,2025-09-11 00:00:00,Roof,,C:\Falcker\cloud\falcker\AI\OlieDetectie\Willem_set\Alles\20250911-[F-63-Roof].jpeg,20250911-[F-63-Roof].jpeg
F64,2025-09-11 00:00:00,Roof,,C:\Falcker\cloud\falcker\AI\OlieDetectie\Willem_set\Alles\20250911-[F-64-Roof].jpeg,20250911-[F-64-Roof].jpeg
F02,2025-09-12 00:00:00,,,C:\Falcker\cloud\falcker\AI\OlieDetectie\Willem_set\Alles\20250912-F02.jpeg,20250912-F02.jpeg
F03,2025-09-12 00:00:00,,,C:\Falcker\cloud\falcker\AI\OlieDetectie\Willem_set\Alles\20250912-F03.jpeg,20250912-F03.jpeg
F04,2025-09-12 00:00:00,,,C:\Falcker\cloud\falcker\AI\OlieDetectie\Willem_set\Alles\20250912-F04.jpeg,20250912-F04.jpeg
F05,2025-09-12 00:00:00,,,C:\Falcker\cloud\falcker\AI\OlieDetectie\Willem_set\Alles\20250912-F05.jpeg,20250912-F05.jpeg
F06,2025-09-12 00:00:00,,,C:\Falcker\cloud\falcker\AI\OlieDetectie\Willem_set\Alles\20250912-F06.jpeg,20250912-F06.jpeg
F07,2025-09-12 00:00:00,,,C:\Falcker\cloud\falcker\AI\OlieDetectie\Willem_set\Alles\20250912-F07.jpeg,20250912-F07.jpeg
F08,2025-09-12 00:00:00,,,C:\Falcker\cloud\falcker\AI\OlieDetectie\Willem_set\Alles\20250912-F08.jpeg,20250912-F08.jpeg
F09,2025-09-12 00:00:00,,,C:\Falcker\cloud\falcker\AI\OlieDetectie\Willem_set\Alles\20250912-F09.jpeg,20250912-F09.jpeg
F11,2025-09-12 00:00:00,,,C:\Falcker\cloud\falcker\AI\OlieDetectie\Willem_set\Alles\20250912-F11.jpeg,20250912-F11.jpeg
F12,2025-09-12 00:00:00,,,C:\Falcker\cloud\falcker\AI\OlieDetectie\Willem_set\Alles\20250912-F12.jpeg,20250912-F12.jpeg
F13,2025-09-12 00:00:00,,,C:\Falcker\cloud\falcker\AI\OlieDetectie\Willem_set\Alles\20250912-F13.jpeg,20250912-F13.jpeg
F14,2025-09-12 00:00:00,,,C:\Falcker\cloud\falcker\AI\OlieDetectie\Willem_set\Alles\20250912-F14.jpeg,20250912-F14.jpeg
F15,2025-09-12 00:00:00,,,C:\Falcker\cloud\falcker\AI\OlieDetectie\Willem_set\Alles\20250912-F15.jpeg,20250912-F15.jpeg
F51,2025-09-12 00:00:00,Roof,,C:\Falcker\cloud\falcker\AI\OlieDetectie\Willem_set\Alles\20250912-F51-Roof-01.jpeg,20250912-F51-Roof-01.jpeg
F51,2025-09-12 00:00:00,Roof,,C:\Falcker\cloud\falcker\AI\OlieDetectie\Willem_set\Alles\20250912-F51-Roof-02.jpeg,20250912-F51-Roof-02.jpeg
F51,2025-09-12 00:00:00,Tankpit,,C:\Falcker\cloud\falcker\AI\OlieDetectie\Willem_set\Alles\20250912-F51-Tankpit-01.jpeg,20250912-F51-Tankpit-01.jpeg
F51,2025-09-12 00:00:00,Tankpit,,C:\Falcker\cloud\falcker\AI\OlieDetectie\Willem_set\Alles\20250912-F51-Tankpit-02.jpeg,20250912-F51-Tankpit-02.jpeg
F51,2025-09-12 00:00:00,Tankpit,,C:\Falcker\cloud\falcker\AI\OlieDetectie\Willem_set\Alles\20250912-F51-Tankpit-03.jpeg,20250912-F51-Tankpit-03.jpeg
F52,2025-09-12 00:00:00,,,C:\Falcker\cloud\falcker\AI\OlieDetectie\Willem_set\Alles\20250912-F52.jpeg,20250912-F52.jpeg
F53,2025-09-12 00:00:00,,,C:\Falcker\cloud\falcker\AI\OlieDetectie\Willem_set\Alles\20250912-F53.jpeg,20250912-F53.jpeg
F61,2025-09-12 00:00:00,,,C:\Falcker\cloud\falcker\AI\OlieDetectie\Willem_set\Alles\20250912-F61.jpeg,20250912-F61.jpeg
F62,2025-09-12 00:00:00,,,C:\Falcker\cloud\falcker\AI\OlieDetectie\Willem_set\Alles\20250912-F62.jpeg,20250912-F62.jpeg
F63,2025-09-12 00:00:00,,,C:\Falcker\cloud\falcker\AI\OlieDetectie\Willem_set\Alles\20250912-F63.jpeg,20250912-F63.jpeg
F64,2025-09-12 00:00:00,,,C:\Falcker\cloud\falcker\AI\OlieDetectie\Willem_set\Alles\20250912-F64.jpeg,20250912-F64.jpeg
F01,2023-06-22 00:00:00,,,C:\Falcker\cloud\falcker\AI\OlieDetectie\Willem_set\Alles\230622-F01.jpg,230622-F01.jpg
F02,2023-06-22 00:00:00,,,C:\Falcker\cloud\falcker\AI\OlieDetectie\Willem_set\Alles\230622-F02.jpg,230622-F02.jpg
F04,2023-06-22 00:00:00,,,C:\Falcker\cloud\falcker\AI\OlieDetectie\Willem_set\Alles\230622-F04.jpg,230622-F04.jpg
F05,2023-06-22 00:00:00,,,C:\Falcker\cloud\falcker\AI\OlieDetectie\Willem_set\Alles\230622-F05.jpg,230622-F05.jpg
F06,2023-06-22 00:00:00,,,C:\Falcker\cloud\falcker\AI\OlieDetectie\Willem_set\Alles\230622-F06.jpg,230622-F06.jpg
F07,2023-06-22 00:00:00,,,C:\Falcker\cloud\falcker\AI\OlieDetectie\Willem_set\Alles\230622-F07.jpg,230622-F07.jpg
F08,2023-06-22 00:00:00,,,C:\Falcker\cloud\falcker\AI\OlieDetectie\Willem_set\Alles\230622-F08.jpg,230622-F08.jpg
F09,2023-06-22 00:00:00,,,C:\Falcker\cloud\falcker\AI\OlieDetectie\Willem_set\Alles\230622-F09.jpg,230622-F09.jpg
F11,2023-06-22 00:00:00,,,C:\Falcker\cloud\falcker\AI\OlieDetectie\Willem_set\Alles\230622-F11.jpg,230622-F11.jpg
F12,2023-06-22 00:00:00,,,C:\Falcker\cloud\falcker\AI\OlieDetectie\Willem_set\Alles\230622-F12.jpg,230622-F12.jpg
F13,2023-06-22 00:00:00,,,C:\Falcker\cloud\falcker\AI\OlieDetectie\Willem_set\Alles\230622-F13.jpg,230622-F13.jpg
F14,2023-06-22 00:00:00,,,C:\Falcker\cloud\falcker\AI\OlieDetectie\Willem_set\Alles\230622-F14.jpg,230622-F14.jpg
F15,2023-06-22 00:00:00,,,C:\Falcker\cloud\falcker\AI\OlieDetectie\Willem_set\Alles\230622-F15.jpg,230622-F15.jpg
F01,2023-06-29 00:00:00,,,C:\Falcker\cloud\falcker\AI\OlieDetectie\Willem_set\Alles\230629-F01.jpg,230629-F01.jpg
F02,2023-06-29 00:00:00,,,C:\Falcker\cloud\falcker\AI\OlieDetectie\Willem_set\Alles\230629-F02.jpg,230629-F02.jpg
F04,2023-06-29 00:00:00,,,C:\Falcker\cloud\falcker\AI\OlieDetectie\Willem_set\Alles\230629-F04.jpg,230629-F04.jpg
F05,2023-06-29 00:00:00,,,C:\Falcker\cloud\falcker\AI\OlieDetectie\Willem_set\Alles\230629-F05.jpg,230629-F05.jpg
F06,2023-06-29 00:00:00,,,C:\Falcker\cloud\falcker\AI\OlieDetectie\Willem_set\Alles\230629-F06.jpg,230629-F06.jpg
F07,2023-06-29 00:00:00,,,C:\Falcker\cloud\falcker\AI\OlieDetectie\Willem_set\Alles\230629-F07.jpg,230629-F07.jpg
F08,2023-06-29 00:00:00,,,C:\Falcker\cloud\falcker\AI\OlieDetectie\Willem_set\Alles\230629-F08.jpg,230629-F08.jpg
F09,2023-06-29 00:00:00,,,C:\Falcker\cloud\falcker\AI\OlieDetectie\Willem_set\Alles\230629-F09.jpg,230629-F09.jpg
F11,2023-06-29 00:00:00,,,C:\Falcker\cloud\falcker\AI\OlieDetectie\Willem_set\Alles\230629-F11.jpg,230629-F11.jpg
F12,2023-06-29 00:00:00,,,C:\Falcker\cloud\falcker\AI\OlieDetectie\Willem_set\Alles\230629-F12.jpg,230629-F12.jpg
F13,2023-06-29 00:00:00,,,C:\Falcker\cloud\falcker\AI\OlieDetectie\Willem_set\Alles\230629-F13.jpg,230629-F13.jpg
F14,2023-06-29 00:00:00,,,C:\Falcker\cloud\falcker\AI\OlieDetectie\Willem_set\Alles\230629-F14.jpg,230629-F14.jpg
F15,2023-06-29 00:00:00,,,C:\Falcker\cloud\falcker\AI\OlieDetectie\Willem_set\Alles\230629-F15.jpg,230629-F15.jpg
F51,2023-07-06 00:00:00,,,C:\Falcker\cloud\falcker\AI\OlieDetectie\Willem_set\Alles\230706_T051.jpg,230706_T051.jpg
F52,2023-07-06 00:00:00,,,C:\Falcker\cloud\falcker\AI\OlieDetectie\Willem_set\Alles\230706_T052.jpg,230706_T052.jpg
F53,2023-07-06 00:00:00,,,C:\Falcker\cloud\falcker\AI\OlieDetectie\Willem_set\Alles\230706_T053.jpg,230706_T053.jpg
F61,2023-07-06 00:00:00,,,C:\Falcker\cloud\falcker\AI\OlieDetectie\Willem_set\Alles\230706_T061.jpg,230706_T061.jpg
F62,2023-07-06 00:00:00,,,C:\Falcker\cloud\falcker\AI\OlieDetectie\Willem_set\Alles\230706_T062.jpg,230706_T062.jpg
F63,2023-07-06 00:00:00,,,C:\Falcker\cloud\falcker\AI\OlieDetectie\Willem_set\Alles\230706_T063.jpg,230706_T063.jpg
F64,2023-07-06 00:00:00,,,C:\Falcker\cloud\falcker\AI\OlieDetectie\Willem_set\Alles\230706_T064.jpg,230706_T064.jpg
F51,2023-07-13 00:00:00,,,C:\Falcker\cloud\falcker\AI\OlieDetectie\Willem_set\Alles\230713_T051.jpg,230713_T051.jpg
F52,2023-07-13 00:00:00,,,C:\Falcker\cloud\falcker\AI\OlieDetectie\Willem_set\Alles\230713_T052.jpg,230713_T052.jpg
F53,2023-07-13 00:00:00,,,C:\Falcker\cloud\falcker\AI\OlieDetectie\Willem_set\Alles\230713_T053.jpg,230713_T053.jpg
F61,2023-07-13 00:00:00,,,C:\Falcker\cloud\falcker\AI\OlieDetectie\Willem_set\Alles\230713_T061.jpg,230713_T061.jpg
F62,2023-07-13 00:00:00,,,C:\Falcker\cloud\falcker\AI\OlieDetectie\Willem_set\Alles\230713_T062.jpg,230713_T062.jpg
F63,2023-07-13 00:00:00,,,C:\Falcker\cloud\falcker\AI\OlieDetectie\Willem_set\Alles\230713_T063.jpg,230713_T063.jpg
F64,2023-07-13 00:00:00,,,C:\Falcker\cloud\falcker\AI\OlieDetectie\Willem_set\Alles\230713_T064.jpg,230713_T064.jpg
F51,2023-07-20 00:00:00,,,C:\Falcker\cloud\falcker\AI\OlieDetectie\Willem_set\Alles\230720_T051.jpg,230720_T051.jpg
F52,2023-07-20 00:00:00,,,C:\Falcker\cloud\falcker\AI\OlieDetectie\Willem_set\Alles\230720_T052.jpg,230720_T052.jpg
F53,2023-07-20 00:00:00,,,C:\Falcker\cloud\falcker\AI\OlieDetectie\Willem_set\Alles\230720_T053.jpg,230720_T053.jpg
F61,2023-07-20 00:00:00,,,C:\Falcker\cloud\falcker\AI\OlieDetectie\Willem_set\Alles\230720_T061.jpg,230720_T061.jpg
F62,2023-07-20 00:00:00,,,C:\Falcker\cloud\falcker\AI\OlieDetectie\Willem_set\Alles\230720_T062.jpg,230720_T062.jpg
F63,2023-07-20 00:00:00,,,C:\Falcker\cloud\falcker\AI\OlieDetectie\Willem_set\Alles\230720_T063.jpg,230720_T063.jpg
F64,2023-07-20 00:00:00,,,C:\Falcker\cloud\falcker\AI\OlieDetectie\Willem_set\Alles\230720_T064.jpg,230720_T064.jpg
F51,2023-09-08 00:00:00,,,C:\Falcker\cloud\falcker\AI\OlieDetectie\Willem_set\Alles\230908_T051.jpg,230908_T051.jpg
F52,2023-09-08 00:00:00,,,C:\Falcker\cloud\falcker\AI\OlieDetectie\Willem_set\Alles\230908_T052.jpg,230908_T052.jpg
F53,2023-09-08 00:00:00,,,C:\Falcker\cloud\falcker\AI\OlieDetectie\Willem_set\Alles\230908_T053.jpg,230908_T053.jpg
F61,2023-09-08 00:00:00,,,C:\Falcker\cloud\falcker\AI\OlieDetectie\Willem_set\Alles\230908_T061.jpg,230908_T061.jpg
F62,2023-09-08 00:00:00,,,C:\Falcker\cloud\falcker\AI\OlieDetectie\Willem_set\Alles\230908_T062.jpg,230908_T062.jpg
F63,2023-09-08 00:00:00,,,C:\Falcker\cloud\falcker\AI\OlieDetectie\Willem_set\Alles\230908_T063.jpg,230908_T063.jpg
F64,2023-09-08 00:00:00,,,C:\Falcker\cloud\falcker\AI\OlieDetectie\Willem_set\Alles\230908_T064.jpg,230908_T064.jpg
F51,2023-09-14 00:00:00,,,C:\Falcker\cloud\falcker\AI\OlieDetectie\Willem_set\Alles\230914_T051.jpg,230914_T051.jpg
F52,2023-09-14 00:00:00,,,C:\Falcker\cloud\falcker\AI\OlieDetectie\Willem_set\Alles\230914_T052.jpg,230914_T052.jpg
F53,2023-09-14 00:00:00,,,C:\Falcker\cloud\falcker\AI\OlieDetectie\Willem_set\Alles\230914_T053.jpg,230914_T053.jpg
F61,2023-09-14 00:00:00,,,C:\Falcker\cloud\falcker\AI\OlieDetectie\Willem_set\Alles\230914_T061.jpg,230914_T061.jpg
F62,2023-09-14 00:00:00,,,C:\Falcker\cloud\falcker\AI\OlieDetectie\Willem_set\Alles\230914_T062.jpg,230914_T062.jpg
F63,2023-09-14 00:00:00,,,C:\Falcker\cloud\falcker\AI\OlieDetectie\Willem_set\Alles\230914_T063.jpg,230914_T063.jpg
F64,2023-09-14 00:00:00,,,C:\Falcker\cloud\falcker\AI\OlieDetectie\Willem_set\Alles\230914_T064.jpg,230914_T064.jpg
F51,2023-09-27 00:00:00,,,C:\Falcker\cloud\falcker\AI\OlieDetectie\Willem_set\Alles\230927_T051.jpg,230927_T051.jpg
F01,2023-10-18 00:00:00,,,C:\Falcker\cloud\falcker\AI\OlieDetectie\Willem_set\Alles\231018-F01.JPG,231018-F01.JPG
F02,2023-10-18 00:00:00,,,C:\Falcker\cloud\falcker\AI\OlieDetectie\Willem_set\Alles\231018-F02.JPG,231018-F02.JPG
F04,2023-10-18 00:00:00,,,C:\Falcker\cloud\falcker\AI\OlieDetectie\Willem_set\Alles\231018-F04.JPG,231018-F04.JPG
F05,2023-10-18 00:00:00,,,C:\Falcker\cloud\falcker\AI\OlieDetectie\Willem_set\Alles\231018-F05.JPG,231018-F05.JPG
F06,2023-10-18 00:00:00,,,C:\Falcker\cloud\falcker\AI\OlieDetectie\Willem_set\Alles\231018-F06.JPG,231018-F06.JPG
F07,2023-10-18 00:00:00,,,C:\Falcker\cloud\falcker\AI\OlieDetectie\Willem_set\Alles\231018-F07.JPG,231018-F07.JPG
F08,2023-10-18 00:00:00,,,C:\Falcker\cloud\falcker\AI\OlieDetectie\Willem_set\Alles\231018-F08.JPG,231018-F08.JPG
F09,2023-10-18 00:00:00,,,C:\Falcker\cloud\falcker\AI\OlieDetectie\Willem_set\Alles\231018-F09.JPG,231018-F09.JPG
F11,2023-10-18 00:00:00,,,C:\Falcker\cloud\falcker\AI\OlieDetectie\Willem_set\Alles\231018-F11.JPG,231018-F11.JPG
F12,2023-10-18 00:00:00,,,C:\Falcker\cloud\falcker\AI\OlieDetectie\Willem_set\Alles\231018-F12.JPG,231018-F12.JPG
F13,2023-10-18 00:00:00,,,C:\Falcker\cloud\falcker\AI\OlieDetectie\Willem_set\Alles\231018-F13.JPG,231018-F13.JPG
F14,2023-10-18 00:00:00,,,C:\Falcker\cloud\falcker\AI\OlieDetectie\Willem_set\Alles\231018-F14.JPG,231018-F14.JPG
F15,2023-10-18 00:00:00,,,C:\Falcker\cloud\falcker\AI\OlieDetectie\Willem_set\Alles\231018-F15.JPG,231018-F15.JPG
F51,2023-10-18 00:00:00,,,C:\Falcker\cloud\falcker\AI\OlieDetectie\Willem_set\Alles\231018-F51.JPG,231018-F51.JPG
F52,2023-10-18 00:00:00,,,C:\Falcker\cloud\falcker\AI\OlieDetectie\Willem_set\Alles\231018-F52.JPG,231018-F52.JPG
F53,2023-10-18 00:00:00,,,C:\Falcker\cloud\falcker\AI\OlieDetectie\Willem_set\Alles\231018-F53.JPG,231018-F53.JPG
F61,2023-10-18 00:00:00,,,C:\Falcker\cloud\falcker\AI\OlieDetectie\Willem_set\Alles\231018-F61.JPG,231018-F61.JPG
F62,2023-10-18 00:00:00,,,C:\Falcker\cloud\falcker\AI\OlieDetectie\Willem_set\Alles\231018-F62.JPG,231018-F62.JPG
F63,2023-10-18 00:00:00,,,C:\Falcker\cloud\falcker\AI\OlieDetectie\Willem_set\Alles\231018-F63.JPG,231018-F63.JPG
F64,2023-10-18 00:00:00,,,C:\Falcker\cloud\falcker\AI\OlieDetectie\Willem_set\Alles\231018-F64.JPG,231018-F64.JPG
F51,2023-10-26 00:00:00,,,C:\Falcker\cloud\falcker\AI\OlieDetectie\Willem_set\Alles\231026_F51.JPG,231026_F51.JPG
F52,2023-10-26 00:00:00,,,C:\Falcker\cloud\falcker\AI\OlieDetectie\Willem_set\Alles\231026_F52.JPG,231026_F52.JPG
F53,2023-10-26 00:00:00,,,C:\Falcker\cloud\falcker\AI\OlieDetectie\Willem_set\Alles\231026_F53.JPG,231026_F53.JPG
F61,2023-10-26 00:00:00,,,C:\Falcker\cloud\falcker\AI\OlieDetectie\Willem_set\Alles\231026_F61.JPG,231026_F61.JPG
F62,2023-10-26 00:00:00,,,C:\Falcker\cloud\falcker\AI\OlieDetectie\Willem_set\Alles\231026_F62.JPG,231026_F62.JPG
F63,2023-10-26 00:00:00,,,C:\Falcker\cloud\falcker\AI\OlieDetectie\Willem_set\Alles\231026_F63.JPG,231026_F63.JPG
F64,2023-10-26 00:00:00,,,C:\Falcker\cloud\falcker\AI\OlieDetectie\Willem_set\Alles\231026_F64.JPG,231026_F64.JPG
F51,2023-11-08 00:00:00,,,C:\Falcker\cloud\falcker\AI\OlieDetectie\Willem_set\Alles\231108_F51.JPG,231108_F51.JPG
F52,2023-11-08 00:00:00,,,C:\Falcker\cloud\falcker\AI\OlieDetectie\Willem_set\Alles\231108_F52.JPG,231108_F52.JPG
F53,2023-11-08 00:00:00,,,C:\Falcker\cloud\falcker\AI\OlieDetectie\Willem_set\Alles\231108_F53.JPG,231108_F53.JPG
F61,2023-11-08 00:00:00,,,C:\Falcker\cloud\falcker\AI\OlieDetectie\Willem_set\Alles\231108_F61.JPG,231108_F61.JPG
F62,2023-11-08 00:00:00,,,C:\Falcker\cloud\falcker\AI\OlieDetectie\Willem_set\Alles\231108_F62.JPG,231108_F62.JPG
F63,2023-11-08 00:00:00,,,C:\Falcker\cloud\falcker\AI\OlieDetectie\Willem_set\Alles\231108_F63.JPG,231108_F63.JPG
F64,2023-11-08 00:00:00,,,C:\Falcker\cloud\falcker\AI\OlieDetectie\Willem_set\Alles\231108_F64.JPG,231108_F64.JPG
F51,2023-11-16 00:00:00,,,C:\Falcker\cloud\falcker\AI\OlieDetectie\Willem_set\Alles\231116_F51.JPG,231116_F51.JPG
F52,2023-11-16 00:00:00,,,C:\Falcker\cloud\falcker\AI\OlieDetectie\Willem_set\Alles\231116_F52.JPG,231116_F52.JPG
F53,2023-11-16 00:00:00,,,C:\Falcker\cloud\falcker\AI\OlieDetectie\Willem_set\Alles\231116_F53.JPG,231116_F53.JPG
F61,2023-11-16 00:00:00,,,C:\Falcker\cloud\falcker\AI\OlieDetectie\Willem_set\Alles\231116_F61.JPG,231116_F61.JPG
F62,2023-11-16 00:00:00,,,C:\Falcker\cloud\falcker\AI\OlieDetectie\Willem_set\Alles\231116_F62.JPG,231116_F62.JPG
F63,2023-11-16 00:00:00,,,C:\Falcker\cloud\falcker\AI\OlieDetectie\Willem_set\Alles\231116_F63.JPG,231116_F63.JPG
F64,2023-11-16 00:00:00,,,C:\Falcker\cloud\falcker\AI\OlieDetectie\Willem_set\Alles\231116_F64.JPG,231116_F64.JPG
F51,2023-11-23 00:00:00,,,C:\Falcker\cloud\falcker\AI\OlieDetectie\Willem_set\Alles\231123_F51.JPG,231123_F51.JPG
F52,2023-11-23 00:00:00,,,C:\Falcker\cloud\falcker\AI\OlieDetectie\Willem_set\Alles\231123_F52.JPG,231123_F52.JPG
F53,2023-11-23 00:00:00,,,C:\Falcker\cloud\falcker\AI\OlieDetectie\Willem_set\Alles\231123_F53.JPG,231123_F53.JPG
F61,2023-11-23 00:00:00,,,C:\Falcker\cloud\falcker\AI\OlieDetectie\Willem_set\Alles\231123_F61.JPG,231123_F61.JPG
F62,2023-11-23 00:00:00,,,C:\Falcker\cloud\falcker\AI\OlieDetectie\Willem_set\Alles\231123_F62.JPG,231123_F62.JPG
F63,2023-11-23 00:00:00,,,C:\Falcker\cloud\falcker\AI\OlieDetectie\Willem_set\Alles\231123_F63.JPG,231123_F63.JPG
F64,2023-11-23 00:00:00,,,C:\Falcker\cloud\falcker\AI\OlieDetectie\Willem_set\Alles\231123_F64.JPG,231123_F64.JPG
F61,2025-04-17 19:26:19,Roof,0001_W,C:\Falcker\cloud\falcker\AI\OlieDetectie\Willem_set\Alles\DJI_20250417192619_0001_W_Roof-F61.jpeg,DJI_20250417192619_0001_W_Roof-F61.jpeg
F62,2025-04-17 19:26:46,Roof,0002_W,C:\Falcker\cloud\falcker\AI\OlieDetectie\Willem_set\Alles\DJI_20250417192646_0002_W_Roof-F62.jpeg,DJI_20250417192646_0002_W_Roof-F62.jpeg
F63,2025-04-17 19:27:29,Roof,0003_W,C:\Falcker\cloud\falcker\AI\OlieDetectie\Willem_set\Alles\DJI_20250417192729_0003_W_Roof-F63.jpeg,DJI_20250417192729_0003_W_Roof-F63.jpeg
F64,2025-04-17 19:28:11,Roof,0004_W,C:\Falcker\cloud\falcker\AI\OlieDetectie\Willem_set\Alles\DJI_20250417192811_0004_W_Roof-F64.jpeg,DJI_20250417192811_0004_W_Roof-F64.jpeg
F52,2025-04-17 19:29:01,Roof,0005_W,C:\Falcker\cloud\falcker\AI\OlieDetectie\Willem_set\Alles\DJI_20250417192901_0005_W_Roof-F52.jpeg,DJI_20250417192901_0005_W_Roof-F52.jpeg
F51,2025-04-17 19:29:59,Roof,0006_W,C:\Falcker\cloud\falcker\AI\OlieDetectie\Willem_set\Alles\DJI_20250417192959_0006_W_Roof-F51.jpeg,DJI_20250417192959_0006_W_Roof-F51.jpeg
F53,2025-04-17 19:30:21,Roof,0007_W,C:\Falcker\cloud\falcker\AI\OlieDetectie\Willem_set\Alles\DJI_20250417193021_0007_W_Roof-F53.jpeg,DJI_20250417193021_0007_W_Roof-F53.jpeg
F01,2025-04-17 19:42:27,Roof,0001_W,C:\Falcker\cloud\falcker\AI\OlieDetectie\Willem_set\Alles\DJI_20250417194227_0001_W_Roof-F1.jpeg,DJI_20250417194227_0001_W_Roof-F1.jpeg
F03,2025-04-17 21:06:50,Roof,0002_W,C:\Falcker\cloud\falcker\AI\OlieDetectie\Willem_set\Alles\DJI_20250417210650_0002_W_Roof-F3.jpeg,DJI_20250417210650_0002_W_Roof-F3.jpeg
F04,2025-04-17 21:08:01,Roof,0003_W,C:\Falcker\cloud\falcker\AI\OlieDetectie\Willem_set\Alles\DJI_20250417210801_0003_W_Roof-F4.jpeg,DJI_20250417210801_0003_W_Roof-F4.jpeg
F07,2025-04-17 21:09:11,Roof,0004_W,C:\Falcker\cloud\falcker\AI\OlieDetectie\Willem_set\Alles\DJI_20250417210911_0004_W_Roof-F7.jpeg,DJI_20250417210911_0004_W_Roof-F7.jpeg
F06,2025-04-17 21:10:04,Roof,0005_W,C:\Falcker\cloud\falcker\AI\OlieDetectie\Willem_set\Alles\DJI_20250417211004_0005_W_Roof-F6.jpeg,DJI_20250417211004_0005_W_Roof-F6.jpeg
F09,2025-04-17 21:11:16,Roof,0006_W,C:\Falcker\cloud\falcker\AI\OlieDetectie\Willem_set\Alles\DJI_20250417211116_0006_W_Roof-F9.jpeg,DJI_20250417211116_0006_W_Roof-F9.jpeg
F13,2025-04-17 21:12:36,Roof,0007_W,C:\Falcker\cloud\falcker\AI\OlieDetectie\Willem_set\Alles\DJI_20250417211236_0007_W_Roof-F13.jpeg,DJI_20250417211236_0007_W_Roof-F13.jpeg
F12,2025-04-17 21:13:21,Roof,0008_W,C:\Falcker\cloud\falcker\AI\OlieDetectie\Willem_set\Alles\DJI_20250417211321_0008_W_Roof-F12.jpeg,DJI_20250417211321_0008_W_Roof-F12.jpeg
F15,2025-04-17 21:14:30,Roof,0009_W,C:\Falcker\cloud\falcker\AI\OlieDetectie\Willem_set\Alles\DJI_20250417211430_0009_W_Roof-F15.jpeg,DJI_20250417211430_0009_W_Roof-F15.jpeg
F14,2025-04-17 21:15:25,Roof,0010_W,C:\Falcker\cloud\falcker\AI\OlieDetectie\Willem_set\Alles\DJI_20250417211525_0010_W_Roof-F14.jpeg,DJI_20250417211525_0010_W_Roof-F14.jpeg
F11,2025-04-17 21:16:23,Roof,0011_W,C:\Falcker\cloud\falcker\AI\OlieDetectie\Willem_set\Alles\DJI_20250417211623_0011_W_Roof-F11.jpeg,DJI_20250417211623_0011_W_Roof-F11.jpeg
F08,2025-04-17 21:18:23,Roof,0012_W,C:\Falcker\cloud\falcker\AI\OlieDetectie\Willem_set\Alles\DJI_20250417211823_0012_W_Roof-F8.jpeg,DJI_20250417211823_0012_W_Roof-F8.jpeg
F05,2025-04-17 21:19:03,Roof,0013_W,C:\Falcker\cloud\falcker\AI\OlieDetectie\Willem_set\Alles\DJI_20250417211903_0013_W_Roof-F5.jpeg,DJI_20250417211903_0013_W_Roof-F5.jpeg
F61,2025-05-01 15:29:43,,0001_W,C:\Falcker\cloud\falcker\AI\OlieDetectie\Willem_set\Alles\DJI_20250501152943_0001_W_F61.jpeg,DJI_20250501152943_0001_W_F61.jpeg
F62,2025-05-01 15:30:12,,0002_W,C:\Falcker\cloud\falcker\AI\OlieDetectie\Willem_set\Alles\DJI_20250501153012_0002_W_F62.jpeg,DJI_20250501153012_0002_W_F62.jpeg
F63,2025-05-01 15:30:57,,0003_W,C:\Falcker\cloud\falcker\AI\OlieDetectie\Willem_set\Alles\DJI_20250501153057_0003_W_F63.jpeg,DJI_20250501153057_0003_W_F63.jpeg
F64,2025-05-01 15:31:43,,0004_W,C:\Falcker\cloud\falcker\AI\OlieDetectie\Willem_set\Alles\DJI_20250501153143_0004_W_F64.jpeg,DJI_20250501153143_0004_W_F64.jpeg
F52,2025-05-01 15:32:34,,0005_W,C:\Falcker\cloud\falcker\AI\OlieDetectie\Willem_set\Alles\DJI_20250501153234_0005_W_F52.jpeg,DJI_20250501153234_0005_W_F52.jpeg
F51,2025-05-01 15:33:35,,0006_W,C:\Falcker\cloud\falcker\AI\OlieDetectie\Willem_set\Alles\DJI_20250501153335_0006_W_F51.jpeg,DJI_20250501153335_0006_W_F51.jpeg
F53,2025-05-01 15:33:58,,0007_W,C:\Falcker\cloud\falcker\AI\OlieDetectie\Willem_set\Alles\DJI_20250501153358_0007_W_F53.jpeg,DJI_20250501153358_0007_W_F53.jpeg
F01,2025-04-18 00:00:00,,,C:\Falcker\cloud\falcker\AI\OlieDetectie\Willem_set\Alles\F01_20250418.jpeg,F01_20250418.jpeg
F01,2025-04-22 00:00:00,,,C:\Falcker\cloud\falcker\AI\OlieDetectie\Willem_set\Alles\F01_20250422.jpeg,F01_20250422.jpeg
F01,2025-04-23 00:00:00,,,C:\Falcker\cloud\falcker\AI\OlieDetectie\Willem_set\Alles\F01_20250423.jpeg,F01_20250423.jpeg
F01,2025-04-24 00:00:00,,,C:\Falcker\cloud\falcker\AI\OlieDetectie\Willem_set\Alles\F01_20250424.jpeg,F01_20250424.jpeg
F01,2025-04-25 00:00:00,,,C:\Falcker\cloud\falcker\AI\OlieDetectie\Willem_set\Alles\F01_20250425.jpeg,F01_20250425.jpeg
F01,2025-04-28 00:00:00,,,C:\Falcker\cloud\falcker\AI\OlieDetectie\Willem_set\Alles\F01_20250428.jpeg,F01_20250428.jpeg
F01,2025-04-29 00:00:00,,,C:\Falcker\cloud\falcker\AI\OlieDetectie\Willem_set\Alles\F01_20250429.jpeg,F01_20250429.jpeg
F01,2025-04-30 00:00:00,,,C:\Falcker\cloud\falcker\AI\OlieDetectie\Willem_set\Alles\F01_20250430.jpeg,F01_20250430.jpeg
F01,2025-05-02 00:00:00,,,C:\Falcker\cloud\falcker\AI\OlieDetectie\Willem_set\Alles\F01_20250502.jpeg,F01_20250502.jpeg
F01,2025-05-05 00:00:00,,,C:\Falcker\cloud\falcker\AI\OlieDetectie\Willem_set\Alles\F01_20250505.jpeg,F01_20250505.jpeg
F01,2025-05-06 00:00:00,,,C:\Falcker\cloud\falcker\AI\OlieDetectie\Willem_set\Alles\F01_20250506.jpeg,F01_20250506.jpeg
F01,2025-05-07 00:00:00,,,C:\Falcker\cloud\falcker\AI\OlieDetectie\Willem_set\Alles\F01_20250507.jpeg,F01_20250507.jpeg
F01,2025-05-08 00:00:00,,,C:\Falcker\cloud\falcker\AI\OlieDetectie\Willem_set\Alles\F01_20250508.jpeg,F01_20250508.jpeg
F01,2025-05-09 00:00:00,,,C:\Falcker\cloud\falcker\AI\OlieDetectie\Willem_set\Alles\F01_20250509.jpeg,F01_20250509.jpeg
F01,2025-05-12 00:00:00,,,C:\Falcker\cloud\falcker\AI\OlieDetectie\Willem_set\Alles\F01_20250512.jpeg,F01_20250512.jpeg
F01,2025-05-13 00:00:00,,,C:\Falcker\cloud\falcker\AI\OlieDetectie\Willem_set\Alles\F01_20250513.jpeg,F01_20250513.jpeg
F02,2025-05-19 00:00:00,,,C:\Falcker\cloud\falcker\AI\OlieDetectie\Willem_set\Alles\F02_20250519.jpeg,F02_20250519.jpeg
F02,2025-05-20 00:00:00,,,C:\Falcker\cloud\falcker\AI\OlieDetectie\Willem_set\Alles\F02_20250520.jpeg,F02_20250520.jpeg
F02,2025-05-21 00:00:00,,,C:\Falcker\cloud\falcker\AI\OlieDetectie\Willem_set\Alles\F02_20250521.jpeg,F02_20250521.jpeg
F02,2025-05-22 00:00:00,,,C:\Falcker\cloud\falcker\AI\OlieDetectie\Willem_set\Alles\F02_20250522.jpeg,F02_20250522.jpeg
F02,2025-05-26 00:00:00,,,C:\Falcker\cloud\falcker\AI\OlieDetectie\Willem_set\Alles\F02_20250526.jpeg,F02_20250526.jpeg
F02,2025-05-29 00:00:00,,,C:\Falcker\cloud\falcker\AI\OlieDetectie\Willem_set\Alles\F02_20250529.jpeg,F02_20250529.jpeg
F02,2025-05-30 00:00:00,,,C:\Falcker\cloud\falcker\AI\OlieDetectie\Willem_set\Alles\F02_20250530.jpeg,F02_20250530.jpeg
F02,2025-06-02 00:00:00,,,C:\Falcker\cloud\falcker\AI\OlieDetectie\Willem_set\Alles\F02_20250602.jpeg,F02_20250602.jpeg
F02,2025-06-04 00:00:00,,,C:\Falcker\cloud\falcker\AI\OlieDetectie\Willem_set\Alles\F02_20250604.jpeg,F02_20250604.jpeg
F02,2025-06-05 00:00:00,,,C:\Falcker\cloud\falcker\AI\OlieDetectie\Willem_set\Alles\F02_20250605.jpeg,F02_20250605.jpeg
F02,2025-06-09 00:00:00,,,C:\Falcker\cloud\falcker\AI\OlieDetectie\Willem_set\Alles\F02_20250609.jpeg,F02_20250609.jpeg
F02,2025-06-11 00:00:00,,,C:\Falcker\cloud\falcker\AI\OlieDetectie\Willem_set\Alles\F02_20250611.jpeg,F02_20250611.jpeg
F02,2025-06-16 00:00:00,,,C:\Falcker\cloud\falcker\AI\OlieDetectie\Willem_set\Alles\F02_20250616.jpeg,F02_20250616.jpeg
F02,2025-06-17 00:00:00,,,C:\Falcker\cloud\falcker\AI\OlieDetectie\Willem_set\Alles\F02_20250617.jpeg,F02_20250617.jpeg
F02,2025-06-19 00:00:00,,,C:\Falcker\cloud\falcker\AI\OlieDetectie\Willem_set\Alles\F02_20250619.jpeg,F02_20250619.jpeg
F02,2025-06-20 00:00:00,,,C:\Falcker\cloud\falcker\AI\OlieDetectie\Willem_set\Alles\F02_20250620.jpeg,F02_20250620.jpeg
F02,2025-06-24 00:00:00,,,C:\Falcker\cloud\falcker\AI\OlieDetectie\Willem_set\Alles\F02_20250624.jpeg,F02_20250624.jpeg
F02,2025-06-25 00:00:00,,,C:\Falcker\cloud\falcker\AI\OlieDetectie\Willem_set\Alles\F02_20250625.jpeg,F02_20250625.jpeg
F02,2025-06-26 00:00:00,,,C:\Falcker\cloud\falcker\AI\OlieDetectie\Willem_set\Alles\F02_20250626.jpeg,F02_20250626.jpeg
F02,2025-06-27 00:00:00,,,C:\Falcker\cloud\falcker\AI\OlieDetectie\Willem_set\Alles\F02_20250627.jpeg,F02_20250627.jpeg
F02,2025-06-30 00:00:00,,,C:\Falcker\cloud\falcker\AI\OlieDetectie\Willem_set\Alles\F02_20250630.jpeg,F02_20250630.jpeg
F02,2025-07-01 00:00:00,,,C:\Falcker\cloud\falcker\AI\OlieDetectie\Willem_set\Alles\F02_20250701.jpeg,F02_20250701.jpeg
F03,2025-04-18 00:00:00,,,C:\Falcker\cloud\falcker\AI\OlieDetectie\Willem_set\Alles\F03_20250418.jpeg,F03_20250418.jpeg
F03,2025-04-22 00:00:00,,,C:\Falcker\cloud\falcker\AI\OlieDetectie\Willem_set\Alles\F03_20250422.jpeg,F03_20250422.jpeg
F03,2025-04-23 00:00:00,,,C:\Falcker\cloud\falcker\AI\OlieDetectie\Willem_set\Alles\F03_20250423.jpeg,F03_20250423.jpeg
F03,2025-04-24 00:00:00,,,C:\Falcker\cloud\falcker\AI\OlieDetectie\Willem_set\Alles\F03_20250424.jpeg,F03_20250424.jpeg
F03,2025-04-25 00:00:00,,,C:\Falcker\cloud\falcker\AI\OlieDetectie\Willem_set\Alles\F03_20250425.jpeg,F03_20250425.jpeg
F03,2025-04-28 00:00:00,,,C:\Falcker\cloud\falcker\AI\OlieDetectie\Willem_set\Alles\F03_20250428.jpeg,F03_20250428.jpeg
F03,2025-04-29 00:00:00,,,C:\Falcker\cloud\falcker\AI\OlieDetectie\Willem_set\Alles\F03_20250429.jpeg,F03_20250429.jpeg
F03,2025-04-30 00:00:00,,,C:\Falcker\cloud\falcker\AI\OlieDetectie\Willem_set\Alles\F03_20250430.jpeg,F03_20250430.jpeg
F03,2025-05-02 00:00:00,,,C:\Falcker\cloud\falcker\AI\OlieDetectie\Willem_set\Alles\F03_20250502.jpeg,F03_20250502.jpeg
F03,2025-05-05 00:00:00,,,C:\Falcker\cloud\falcker\AI\OlieDetectie\Willem_set\Alles\F03_20250505.jpeg,F03_20250505.jpeg
F03,2025-05-06 00:00:00,,,C:\Falcker\cloud\falcker\AI\OlieDetectie\Willem_set\Alles\F03_20250506.jpeg,F03_20250506.jpeg
F03,2025-05-07 00:00:00,,,C:\Falcker\cloud\falcker\AI\OlieDetectie\Willem_set\Alles\F03_20250507.jpeg,F03_20250507.jpeg
F03,2025-05-08 00:00:00,,,C:\Falcker\cloud\falcker\AI\OlieDetectie\Willem_set\Alles\F03_20250508.jpeg,F03_20250508.jpeg
F03,2025-05-09 00:00:00,,,C:\Falcker\cloud\falcker\AI\OlieDetectie\Willem_set\Alles\F03_20250509.jpeg,F03_20250509.jpeg
F03,2025-05-12 00:00:00,,,C:\Falcker\cloud\falcker\AI\OlieDetectie\Willem_set\Alles\F03_20250512.jpeg,F03_20250512.jpeg
F03,2025-05-13 00:00:00,,,C:\Falcker\cloud\falcker\AI\OlieDetectie\Willem_set\Alles\F03_20250513.jpeg,F03_20250513.jpeg
F03,2025-05-14 00:00:00,,,C:\Falcker\cloud\falcker\AI\OlieDetectie\Willem_set\Alles\F03_20250514.jpeg,F03_20250514.jpeg
F03,2025-05-15 00:00:00,,,C:\Falcker\cloud\falcker\AI\OlieDetectie\Willem_set\Alles\F03_20250515.jpeg,F03_20250515.jpeg
F03,2025-05-19 00:00:00,,,C:\Falcker\cloud\falcker\AI\OlieDetectie\Willem_set\Alles\F03_20250519.jpeg,F03_20250519.jpeg
F03,2025-05-20 00:00:00,,,C:\Falcker\cloud\falcker\AI\OlieDetectie\Willem_set\Alles\F03_20250520.jpeg,F03_20250520.jpeg
F03,2025-05-21 00:00:00,,,C:\Falcker\cloud\falcker\AI\OlieDetectie\Willem_set\Alles\F03_20250521.jpeg,F03_20250521.jpeg
F03,2025-05-22 00:00:00,,,C:\Falcker\cloud\falcker\AI\OlieDetectie\Willem_set\Alles\F03_20250522.jpeg,F03_20250522.jpeg
F03,2025-05-26 00:00:00,,,C:\Falcker\cloud\falcker\AI\OlieDetectie\Willem_set\Alles\F03_20250526.jpeg,F03_20250526.jpeg
F03,2025-05-29 00:00:00,,,C:\Falcker\cloud\falcker\AI\OlieDetectie\Willem_set\Alles\F03_20250529.jpeg,F03_20250529.jpeg
F03,2025-05-30 00:00:00,,,C:\Falcker\cloud\falcker\AI\OlieDetectie\Willem_set\Alles\F03_20250530.jpeg,F03_20250530.jpeg
F03,2025-06-02 00:00:00,,,C:\Falcker\cloud\falcker\AI\OlieDetectie\Willem_set\Alles\F03_20250602.jpeg,F03_20250602.jpeg
F03,2025-06-04 00:00:00,,,C:\Falcker\cloud\falcker\AI\OlieDetectie\Willem_set\Alles\F03_20250604.jpeg,F03_20250604.jpeg
F03,2025-06-05 00:00:00,,,C:\Falcker\cloud\falcker\AI\OlieDetectie\Willem_set\Alles\F03_20250605.jpeg,F03_20250605.jpeg
F03,2025-06-09 00:00:00,,,C:\Falcker\cloud\falcker\AI\OlieDetectie\Willem_set\Alles\F03_20250609.jpeg,F03_20250609.jpeg
F03,2025-06-11 00:00:00,,,C:\Falcker\cloud\falcker\AI\OlieDetectie\Willem_set\Alles\F03_20250611.jpeg,F03_20250611.jpeg
F03,2025-06-16 00:00:00,,,C:\Falcker\cloud\falcker\AI\OlieDetectie\Willem_set\Alles\F03_20250616.jpeg,F03_20250616.jpeg
F03,2025-06-17 00:00:00,,,C:\Falcker\cloud\falcker\AI\OlieDetectie\Willem_set\Alles\F03_20250617.jpeg,F03_20250617.jpeg
F03,2025-06-19 00:00:00,,,C:\Falcker\cloud\falcker\AI\OlieDetectie\Willem_set\Alles\F03_20250619.jpeg,F03_20250619.jpeg
F03,2025-06-20 00:00:00,,,C:\Falcker\cloud\falcker\AI\OlieDetectie\Willem_set\Alles\F03_20250620.jpeg,F03_20250620.jpeg
F03,2025-06-24 00:00:00,,,C:\Falcker\cloud\falcker\AI\OlieDetectie\Willem_set\Alles\F03_20250624.jpeg,F03_20250624.jpeg
F03,2025-06-25 00:00:00,,,C:\Falcker\cloud\falcker\AI\OlieDetectie\Willem_set\Alles\F03_20250625.jpeg,F03_20250625.jpeg
F03,2025-06-26 00:00:00,,,C:\Falcker\cloud\falcker\AI\OlieDetectie\Willem_set\Alles\F03_20250626.jpeg,F03_20250626.jpeg
F03,2025-06-27 00:00:00,,,C:\Falcker\cloud\falcker\AI\OlieDetectie\Willem_set\Alles\F03_20250627.jpeg,F03_20250627.jpeg
F03,2025-06-30 00:00:00,,,C:\Falcker\cloud\falcker\AI\OlieDetectie\Willem_set\Alles\F03_20250630.jpeg,F03_20250630.jpeg
F03,2025-07-01 00:00:00,,,C:\Falcker\cloud\falcker\AI\OlieDetectie\Willem_set\Alles\F03_20250701.jpeg,F03_20250701.jpeg
F04,2025-04-18 00:00:00,,,C:\Falcker\cloud\falcker\AI\OlieDetectie\Willem_set\Alles\F04_20250418.jpeg,F04_20250418.jpeg
F04,2025-04-22 00:00:00,,,C:\Falcker\cloud\falcker\AI\OlieDetectie\Willem_set\Alles\F04_20250422.jpeg,F04_20250422.jpeg
F04,2025-04-23 00:00:00,,,C:\Falcker\cloud\falcker\AI\OlieDetectie\Willem_set\Alles\F04_20250423.jpeg,F04_20250423.jpeg
F04,2025-04-24 00:00:00,,,C:\Falcker\cloud\falcker\AI\OlieDetectie\Willem_set\Alles\F04_20250424.jpeg,F04_20250424.jpeg
F04,2025-04-25 00:00:00,,,C:\Falcker\cloud\falcker\AI\OlieDetectie\Willem_set\Alles\F04_20250425.jpeg,F04_20250425.jpeg
F04,2025-04-28 00:00:00,,,C:\Falcker\cloud\falcker\AI\OlieDetectie\Willem_set\Alles\F04_20250428.jpeg,F04_20250428.jpeg
F04,2025-04-29 00:00:00,,,C:\Falcker\cloud\falcker\AI\OlieDetectie\Willem_set\Alles\F04_20250429.jpeg,F04_20250429.jpeg
F04,2025-04-30 00:00:00,,,C:\Falcker\cloud\falcker\AI\OlieDetectie\Willem_set\Alles\F04_20250430.jpeg,F04_20250430.jpeg
F04,2025-05-02 00:00:00,,,C:\Falcker\cloud\falcker\AI\OlieDetectie\Willem_set\Alles\F04_20250502.jpeg,F04_20250502.jpeg
F04,2025-05-05 00:00:00,,,C:\Falcker\cloud\falcker\AI\OlieDetectie\Willem_set\Alles\F04_20250505.jpeg,F04_20250505.jpeg
F04,2025-05-06 00:00:00,,,C:\Falcker\cloud\falcker\AI\OlieDetectie\Willem_set\Alles\F04_20250506.jpeg,F04_20250506.jpeg
F04,2025-05-07 00:00:00,,,C:\Falcker\cloud\falcker\AI\OlieDetectie\Willem_set\Alles\F04_20250507.jpeg,F04_20250507.jpeg
F04,2025-05-08 00:00:00,,,C:\Falcker\cloud\falcker\AI\OlieDetectie\Willem_set\Alles\F04_20250508.jpeg,F04_20250508.jpeg
F04,2025-05-09 00:00:00,,,C:\Falcker\cloud\falcker\AI\OlieDetectie\Willem_set\Alles\F04_20250509.jpeg,F04_20250509.jpeg
F04,2025-05-12 00:00:00,,,C:\Falcker\cloud\falcker\AI\OlieDetectie\Willem_set\Alles\F04_20250512.jpeg,F04_20250512.jpeg
F04,2025-05-13 00:00:00,,,C:\Falcker\cloud\falcker\AI\OlieDetectie\Willem_set\Alles\F04_20250513.jpeg,F04_20250513.jpeg
F04,2025-05-14 00:00:00,,,C:\Falcker\cloud\falcker\AI\OlieDetectie\Willem_set\Alles\F04_20250514.jpeg,F04_20250514.jpeg
F04,2025-05-15 00:00:00,,,C:\Falcker\cloud\falcker\AI\OlieDetectie\Willem_set\Alles\F04_20250515.jpeg,F04_20250515.jpeg
F04,2025-05-19 00:00:00,,,C:\Falcker\cloud\falcker\AI\OlieDetectie\Willem_set\Alles\F04_20250519.jpeg,F04_20250519.jpeg
F04,2025-05-20 00:00:00,,,C:\Falcker\cloud\falcker\AI\OlieDetectie\Willem_set\Alles\F04_20250520.jpeg,F04_20250520.jpeg
F04,2025-05-21 00:00:00,,,C:\Falcker\cloud\falcker\AI\OlieDetectie\Willem_set\Alles\F04_20250521.jpeg,F04_20250521.jpeg
F04,2025-05-22 00:00:00,,,C:\Falcker\cloud\falcker\AI\OlieDetectie\Willem_set\Alles\F04_20250522.jpeg,F04_20250522.jpeg
F04,2025-05-26 00:00:00,,,C:\Falcker\cloud\falcker\AI\OlieDetectie\Willem_set\Alles\F04_20250526.jpeg,F04_20250526.jpeg
F04,2025-05-29 00:00:00,,,C:\Falcker\cloud\falcker\AI\OlieDetectie\Willem_set\Alles\F04_20250529.jpeg,F04_20250529.jpeg
F04,2025-05-30 00:00:00,,,C:\Falcker\cloud\falcker\AI\OlieDetectie\Willem_set\Alles\F04_20250530.jpeg,F04_20250530.jpeg
F04,2025-06-02 00:00:00,,,C:\Falcker\cloud\falcker\AI\OlieDetectie\Willem_set\Alles\F04_20250602.jpeg,F04_20250602.jpeg
F04,2025-06-04 00:00:00,,,C:\Falcker\cloud\falcker\AI\OlieDetectie\Willem_set\Alles\F04_20250604.jpeg,F04_20250604.jpeg
F04,2025-06-05 00:00:00,,,C:\Falcker\cloud\falcker\AI\OlieDetectie\Willem_set\Alles\F04_20250605.jpeg,F04_20250605.jpeg
F04,2025-06-09 00:00:00,,,C:\Falcker\cloud\falcker\AI\OlieDetectie\Willem_set\Alles\F04_20250609.jpeg,F04_20250609.jpeg
F04,2025-06-11 00:00:00,,,C:\Falcker\cloud\falcker\AI\OlieDetectie\Willem_set\Alles\F04_20250611.jpeg,F04_20250611.jpeg
F04,2025-06-16 00:00:00,,,C:\Falcker\cloud\falcker\AI\OlieDetectie\Willem_set\Alles\F04_20250616.jpeg,F04_20250616.jpeg
F04,2025-06-17 00:00:00,,,C:\Falcker\cloud\falcker\AI\OlieDetectie\Willem_set\Alles\F04_20250617.jpeg,F04_20250617.jpeg
F04,2025-06-19 00:00:00,,,C:\Falcker\cloud\falcker\AI\OlieDetectie\Willem_set\Alles\F04_20250619.jpeg,F04_20250619.jpeg
F04,2025-06-20 00:00:00,,,C:\Falcker\cloud\falcker\AI\OlieDetectie\Willem_set\Alles\F04_20250620.jpeg,F04_20250620.jpeg
F04,2025-06-24 00:00:00,,,C:\Falcker\cloud\falcker\AI\OlieDetectie\Willem_set\Alles\F04_20250624.jpeg,F04_20250624.jpeg
F04,2025-06-25 00:00:00,,,C:\Falcker\cloud\falcker\AI\OlieDetectie\Willem_set\Alles\F04_20250625.jpeg,F04_20250625.jpeg
F04,2025-06-26 00:00:00,,,C:\Falcker\cloud\falcker\AI\OlieDetectie\Willem_set\Alles\F04_20250626.jpeg,F04_20250626.jpeg
F04,2025-06-27 00:00:00,,,C:\Falcker\cloud\falcker\AI\OlieDetectie\Willem_set\Alles\F04_20250627.jpeg,F04_20250627.jpeg
F04,2025-06-30 00:00:00,,,C:\Falcker\cloud\falcker\AI\OlieDetectie\Willem_set\Alles\F04_20250630.jpeg,F04_20250630.jpeg
F04,2025-07-01 00:00:00,,,C:\Falcker\cloud\falcker\AI\OlieDetectie\Willem_set\Alles\F04_20250701.jpeg,F04_20250701.jpeg
F05,2025-04-18 00:00:00,,,C:\Falcker\cloud\falcker\AI\OlieDetectie\Willem_set\Alles\F05_20250418.jpeg,F05_20250418.jpeg
F05,2025-04-22 00:00:00,,,C:\Falcker\cloud\falcker\AI\OlieDetectie\Willem_set\Alles\F05_20250422.jpeg,F05_20250422.jpeg
F05,2025-04-23 00:00:00,,,C:\Falcker\cloud\falcker\AI\OlieDetectie\Willem_set\Alles\F05_20250423.jpeg,F05_20250423.jpeg
F05,2025-04-24 00:00:00,,,C:\Falcker\cloud\falcker\AI\OlieDetectie\Willem_set\Alles\F05_20250424.jpeg,F05_20250424.jpeg
F05,2025-04-25 00:00:00,,,C:\Falcker\cloud\falcker\AI\OlieDetectie\Willem_set\Alles\F05_20250425.jpeg,F05_20250425.jpeg
F05,2025-04-28 00:00:00,,,C:\Falcker\cloud\falcker\AI\OlieDetectie\Willem_set\Alles\F05_20250428.jpeg,F05_20250428.jpeg
F05,2025-04-29 00:00:00,,,C:\Falcker\cloud\falcker\AI\OlieDetectie\Willem_set\Alles\F05_20250429.jpeg,F05_20250429.jpeg
F05,2025-04-30 00:00:00,,,C:\Falcker\cloud\falcker\AI\OlieDetectie\Willem_set\Alles\F05_20250430.jpeg,F05_20250430.jpeg
F05,2025-05-02 00:00:00,,,C:\Falcker\cloud\falcker\AI\OlieDetectie\Willem_set\Alles\F05_20250502.jpeg,F05_20250502.jpeg
F05,2025-05-05 00:00:00,,,C:\Falcker\cloud\falcker\AI\OlieDetectie\Willem_set\Alles\F05_20250505.jpeg,F05_20250505.jpeg
F05,2025-05-06 00:00:00,,,C:\Falcker\cloud\falcker\AI\OlieDetectie\Willem_set\Alles\F05_20250506.jpeg,F05_20250506.jpeg
F05,2025-05-07 00:00:00,,,C:\Falcker\cloud\falcker\AI\OlieDetectie\Willem_set\Alles\F05_20250507.jpeg,F05_20250507.jpeg
F05,2025-05-08 00:00:00,,,C:\Falcker\cloud\falcker\AI\OlieDetectie\Willem_set\Alles\F05_20250508.jpeg,F05_20250508.jpeg
F05,2025-05-09 00:00:00,,,C:\Falcker\cloud\falcker\AI\OlieDetectie\Willem_set\Alles\F05_20250509.jpeg,F05_20250509.jpeg
F05,2025-05-12 00:00:00,,,C:\Falcker\cloud\falcker\AI\OlieDetectie\Willem_set\Alles\F05_20250512.jpeg,F05_20250512.jpeg
F05,2025-05-13 00:00:00,,,C:\Falcker\cloud\falcker\AI\OlieDetectie\Willem_set\Alles\F05_20250513.jpeg,F05_20250513.jpeg
F05,2025-05-14 00:00:00,,,C:\Falcker\cloud\falcker\AI\OlieDetectie\Willem_set\Alles\F05_20250514.jpeg,F05_20250514.jpeg
F05,2025-05-15 00:00:00,,,C:\Falcker\cloud\falcker\AI\OlieDetectie\Willem_set\Alles\F05_20250515.jpeg,F05_20250515.jpeg
F05,2025-05-19 00:00:00,,,C:\Falcker\cloud\falcker\AI\OlieDetectie\Willem_set\Alles\F05_20250519.jpeg,F05_20250519.jpeg
F05,2025-05-20 00:00:00,,,C:\Falcker\cloud\falcker\AI\OlieDetectie\Willem_set\Alles\F05_20250520.jpeg,F05_20250520.jpeg
F05,2025-05-21 00:00:00,,,C:\Falcker\cloud\falcker\AI\OlieDetectie\Willem_set\Alles\F05_20250521.jpeg,F05_20250521.jpeg
F05,2025-05-22 00:00:00,,,C:\Falcker\cloud\falcker\AI\OlieDetectie\Willem_set\Alles\F05_20250522.jpeg,F05_20250522.jpeg
F05,2025-05-26 00:00:00,,,C:\Falcker\cloud\falcker\AI\OlieDetectie\Willem_set\Alles\F05_20250526.jpeg,F05_20250526.jpeg
F05,2025-05-29 00:00:00,,,C:\Falcker\cloud\falcker\AI\OlieDetectie\Willem_set\Alles\F05_20250529.jpeg,F05_20250529.jpeg
F05,2025-05-30 00:00:00,,,C:\Falcker\cloud\falcker\AI\OlieDetectie\Willem_set\Alles\F05_20250530.jpeg,F05_20250530.jpeg
F05,2025-06-02 00:00:00,,,C:\Falcker\cloud\falcker\AI\OlieDetectie\Willem_set\Alles\F05_20250602.jpeg,F05_20250602.jpeg
F05,2025-06-04 00:00:00,,,C:\Falcker\cloud\falcker\AI\OlieDetectie\Willem_set\Alles\F05_20250604.jpeg,F05_20250604.jpeg
F05,2025-06-05 00:00:00,,,C:\Falcker\cloud\falcker\AI\OlieDetectie\Willem_set\Alles\F05_20250605.jpeg,F05_20250605.jpeg
F05,2025-06-09 00:00:00,,,C:\Falcker\cloud\falcker\AI\OlieDetectie\Willem_set\Alles\F05_20250609.jpeg,F05_20250609.jpeg
F05,2025-06-11 00:00:00,,,C:\Falcker\cloud\falcker\AI\OlieDetectie\Willem_set\Alles\F05_20250611.jpeg,F05_20250611.jpeg
F05,2025-06-16 00:00:00,,,C:\Falcker\cloud\falcker\AI\OlieDetectie\Willem_set\Alles\F05_20250616.jpeg,F05_20250616.jpeg
F05,2025-06-17 00:00:00,,,C:\Falcker\cloud\falcker\AI\OlieDetectie\Willem_set\Alles\F05_20250617.jpeg,F05_20250617.jpeg
F05,2025-06-19 00:00:00,,,C:\Falcker\cloud\falcker\AI\OlieDetectie\Willem_set\Alles\F05_20250619.jpeg,F05_20250619.jpeg
F05,2025-06-20 00:00:00,,,C:\Falcker\cloud\falcker\AI\OlieDetectie\Willem_set\Alles\F05_20250620.jpeg,F05_20250620.jpeg
F05,2025-06-24 00:00:00,,,C:\Falcker\cloud\falcker\AI\OlieDetectie\Willem_set\Alles\F05_20250624.jpeg,F05_20250624.jpeg
F05,2025-06-25 00:00:00,,,C:\Falcker\cloud\falcker\AI\OlieDetectie\Willem_set\Alles\F05_20250625.jpeg,F05_20250625.jpeg
F05,2025-06-26 00:00:00,,,C:\Falcker\cloud\falcker\AI\OlieDetectie\Willem_set\Alles\F05_20250626.jpeg,F05_20250626.jpeg
F05,2025-06-27 00:00:00,,,C:\Falcker\cloud\falcker\AI\OlieDetectie\Willem_set\Alles\F05_20250627.jpeg,F05_20250627.jpeg
F05,2025-06-30 00:00:00,,,C:\Falcker\cloud\falcker\AI\OlieDetectie\Willem_set\Alles\F05_20250630.jpeg,F05_20250630.jpeg
F05,2025-07-01 00:00:00,,,C:\Falcker\cloud\falcker\AI\OlieDetectie\Willem_set\Alles\F05_20250701.jpeg,F05_20250701.jpeg
F06,2025-04-18 00:00:00,,,C:\Falcker\cloud\falcker\AI\OlieDetectie\Willem_set\Alles\F06_20250418.jpeg,F06_20250418.jpeg
F06,2025-04-22 00:00:00,,,C:\Falcker\cloud\falcker\AI\OlieDetectie\Willem_set\Alles\F06_20250422.jpeg,F06_20250422.jpeg
F06,2025-04-23 00:00:00,,,C:\Falcker\cloud\falcker\AI\OlieDetectie\Willem_set\Alles\F06_20250423.jpeg,F06_20250423.jpeg
F06,2025-04-24 00:00:00,,,C:\Falcker\cloud\falcker\AI\OlieDetectie\Willem_set\Alles\F06_20250424.jpeg,F06_20250424.jpeg
F06,2025-04-25 00:00:00,,,C:\Falcker\cloud\falcker\AI\OlieDetectie\Willem_set\Alles\F06_20250425.jpeg,F06_20250425.jpeg
F06,2025-04-28 00:00:00,,,C:\Falcker\cloud\falcker\AI\OlieDetectie\Willem_set\Alles\F06_20250428.jpeg,F06_20250428.jpeg
F06,2025-04-29 00:00:00,,,C:\Falcker\cloud\falcker\AI\OlieDetectie\Willem_set\Alles\F06_20250429.jpeg,F06_20250429.jpeg
F06,2025-04-30 00:00:00,,,C:\Falcker\cloud\falcker\AI\OlieDetectie\Willem_set\Alles\F06_20250430.jpeg,F06_20250430.jpeg
F06,2025-05-02 00:00:00,,,C:\Falcker\cloud\falcker\AI\OlieDetectie\Willem_set\Alles\F06_20250502.jpeg,F06_20250502.jpeg
F06,2025-05-05 00:00:00,,,C:\Falcker\cloud\falcker\AI\OlieDetectie\Willem_set\Alles\F06_20250505.jpeg,F06_20250505.jpeg
F06,2025-05-06 00:00:00,,,C:\Falcker\cloud\falcker\AI\OlieDetectie\Willem_set\Alles\F06_20250506.jpeg,F06_20250506.jpeg
F06,2025-05-07 00:00:00,,,C:\Falcker\cloud\falcker\AI\OlieDetectie\Willem_set\Alles\F06_20250507.jpeg,F06_20250507.jpeg
F06,2025-05-08 00:00:00,,,C:\Falcker\cloud\falcker\AI\OlieDetectie\Willem_set\Alles\F06_20250508.jpeg,F06_20250508.jpeg
F06,2025-05-09 00:00:00,,,C:\Falcker\cloud\falcker\AI\OlieDetectie\Willem_set\Alles\F06_20250509.jpeg,F06_20250509.jpeg
F06,2025-05-12 00:00:00,,,C:\Falcker\cloud\falcker\AI\OlieDetectie\Willem_set\Alles\F06_20250512.jpeg,F06_20250512.jpeg
F06,2025-05-13 00:00:00,,,C:\Falcker\cloud\falcker\AI\OlieDetectie\Willem_set\Alles\F06_20250513.jpeg,F06_20250513.jpeg
F06,2025-05-14 00:00:00,,,C:\Falcker\cloud\falcker\AI\OlieDetectie\Willem_set\Alles\F06_20250514.jpeg,F06_20250514.jpeg
F06,2025-05-15 00:00:00,,,C:\Falcker\cloud\falcker\AI\OlieDetectie\Willem_set\Alles\F06_20250515.jpeg,F06_20250515.jpeg
F06,2025-05-19 00:00:00,,,C:\Falcker\cloud\falcker\AI\OlieDetectie\Willem_set\Alles\F06_20250519.jpeg,F06_20250519.jpeg
F06,2025-05-20 00:00:00,,,C:\Falcker\cloud\falcker\AI\OlieDetectie\Willem_set\Alles\F06_20250520.jpeg,F06_20250520.jpeg
F06,2025-05-21 00:00:00,,,C:\Falcker\cloud\falcker\AI\OlieDetectie\Willem_set\Alles\F06_20250521.jpeg,F06_20250521.jpeg
F06,2025-05-22 00:00:00,,,C:\Falcker\cloud\falcker\AI\OlieDetectie\Willem_set\Alles\F06_20250522.jpeg,F06_20250522.jpeg
F06,2025-05-26 00:00:00,,,C:\Falcker\cloud\falcker\AI\OlieDetectie\Willem_set\Alles\F06_20250526.jpeg,F06_20250526.jpeg
F06,2025-05-29 00:00:00,,,C:\Falcker\cloud\falcker\AI\OlieDetectie\Willem_set\Alles\F06_20250529.jpeg,F06_20250529.jpeg
F06,2025-05-30 00:00:00,,,C:\Falcker\cloud\falcker\AI\OlieDetectie\Willem_set\Alles\F06_20250530.jpeg,F06_20250530.jpeg
F06,2025-06-02 00:00:00,,,C:\Falcker\cloud\falcker\AI\OlieDetectie\Willem_set\Alles\F06_20250602.jpeg,F06_20250602.jpeg
F06,2025-06-04 00:00:00,,,C:\Falcker\cloud\falcker\AI\OlieDetectie\Willem_set\Alles\F06_20250604.jpeg,F06_20250604.jpeg
F06,2025-06-05 00:00:00,,,C:\Falcker\cloud\falcker\AI\OlieDetectie\Willem_set\Alles\F06_20250605.jpeg,F06_20250605.jpeg
F06,2025-06-09 00:00:00,,,C:\Falcker\cloud\falcker\AI\OlieDetectie\Willem_set\Alles\F06_20250609.jpeg,F06_20250609.jpeg
F06,2025-06-11 00:00:00,,,C:\Falcker\cloud\falcker\AI\OlieDetectie\Willem_set\Alles\F06_20250611.jpeg,F06_20250611.jpeg
F06,2025-06-16 00:00:00,,,C:\Falcker\cloud\falcker\AI\OlieDetectie\Willem_set\Alles\F06_20250616.jpeg,F06_20250616.jpeg
F06,2025-06-17 00:00:00,,,C:\Falcker\cloud\falcker\AI\OlieDetectie\Willem_set\Alles\F06_20250617.jpeg,F06_20250617.jpeg
F06,2025-06-19 00:00:00,,,C:\Falcker\cloud\falcker\AI\OlieDetectie\Willem_set\Alles\F06_20250619.jpeg,F06_20250619.jpeg
F06,2025-06-20 00:00:00,,,C:\Falcker\cloud\falcker\AI\OlieDetectie\Willem_set\Alles\F06_20250620.jpeg,F06_20250620.jpeg
F06,2025-06-24 00:00:00,,,C:\Falcker\cloud\falcker\AI\OlieDetectie\Willem_set\Alles\F06_20250624.jpeg,F06_20250624.jpeg
F06,2025-06-25 00:00:00,,,C:\Falcker\cloud\falcker\AI\OlieDetectie\Willem_set\Alles\F06_20250625.jpeg,F06_20250625.jpeg
F06,2025-06-26 00:00:00,,,C:\Falcker\cloud\falcker\AI\OlieDetectie\Willem_set\Alles\F06_20250626.jpeg,F06_20250626.jpeg
F06,2025-06-27 00:00:00,,,C:\Falcker\cloud\falcker\AI\OlieDetectie\Willem_set\Alles\F06_20250627.jpeg,F06_20250627.jpeg
F06,2025-06-30 00:00:00,,,C:\Falcker\cloud\falcker\AI\OlieDetectie\Willem_set\Alles\F06_20250630.jpeg,F06_20250630.jpeg
F06,2025-07-01 00:00:00,,,C:\Falcker\cloud\falcker\AI\OlieDetectie\Willem_set\Alles\F06_20250701.jpeg,F06_20250701.jpeg
F07,2025-04-18 00:00:00,,,C:\Falcker\cloud\falcker\AI\OlieDetectie\Willem_set\Alles\F07_20250418.jpeg,F07_20250418.jpeg
F07,2025-04-22 00:00:00,,,C:\Falcker\cloud\falcker\AI\OlieDetectie\Willem_set\Alles\F07_20250422.jpeg,F07_20250422.jpeg
F07,2025-04-23 00:00:00,,,C:\Falcker\cloud\falcker\AI\OlieDetectie\Willem_set\Alles\F07_20250423.jpeg,F07_20250423.jpeg
F07,2025-04-24 00:00:00,,,C:\Falcker\cloud\falcker\AI\OlieDetectie\Willem_set\Alles\F07_20250424.jpeg,F07_20250424.jpeg
F07,2025-04-25 00:00:00,,,C:\Falcker\cloud\falcker\AI\OlieDetectie\Willem_set\Alles\F07_20250425.jpeg,F07_20250425.jpeg
F07,2025-04-28 00:00:00,,,C:\Falcker\cloud\falcker\AI\OlieDetectie\Willem_set\Alles\F07_20250428.jpeg,F07_20250428.jpeg
F07,2025-04-29 00:00:00,,,C:\Falcker\cloud\falcker\AI\OlieDetectie\Willem_set\Alles\F07_20250429.jpeg,F07_20250429.jpeg
F07,2025-04-30 00:00:00,,,C:\Falcker\cloud\falcker\AI\OlieDetectie\Willem_set\Alles\F07_20250430.jpeg,F07_20250430.jpeg
F07,2025-05-02 00:00:00,,,C:\Falcker\cloud\falcker\AI\OlieDetectie\Willem_set\Alles\F07_20250502.jpeg,F07_20250502.jpeg
F07,2025-05-05 00:00:00,,,C:\Falcker\cloud\falcker\AI\OlieDetectie\Willem_set\Alles\F07_20250505.jpeg,F07_20250505.jpeg
F07,2025-05-06 00:00:00,,,C:\Falcker\cloud\falcker\AI\OlieDetectie\Willem_set\Alles\F07_20250506.jpeg,F07_20250506.jpeg
F07,2025-05-07 00:00:00,,,C:\Falcker\cloud\falcker\AI\OlieDetectie\Willem_set\Alles\F07_20250507.jpeg,F07_20250507.jpeg
F07,2025-05-08 00:00:00,,,C:\Falcker\cloud\falcker\AI\OlieDetectie\Willem_set\Alles\F07_20250508.jpeg,F07_20250508.jpeg
F07,2025-05-09 00:00:00,,,C:\Falcker\cloud\falcker\AI\OlieDetectie\Willem_set\Alles\F07_20250509.jpeg,F07_20250509.jpeg
F07,2025-05-12 00:00:00,,,C:\Falcker\cloud\falcker\AI\OlieDetectie\Willem_set\Alles\F07_20250512.jpeg,F07_20250512.jpeg
F07,2025-05-13 00:00:00,,,C:\Falcker\cloud\falcker\AI\OlieDetectie\Willem_set\Alles\F07_20250513.jpeg,F07_20250513.jpeg
F07,2025-05-14 00:00:00,,,C:\Falcker\cloud\falcker\AI\OlieDetectie\Willem_set\Alles\F07_20250514.jpeg,F07_20250514.jpeg
F07,2025-05-15 00:00:00,,,C:\Falcker\cloud\falcker\AI\OlieDetectie\Willem_set\Alles\F07_20250515.jpeg,F07_20250515.jpeg
F07,2025-05-19 00:00:00,,,C:\Falcker\cloud\falcker\AI\OlieDetectie\Willem_set\Alles\F07_20250519.jpeg,F07_20250519.jpeg
F07,2025-05-20 00:00:00,,,C:\Falcker\cloud\falcker\AI\OlieDetectie\Willem_set\Alles\F07_20250520.jpeg,F07_20250520.jpeg
F07,2025-05-21 00:00:00,,,C:\Falcker\cloud\falcker\AI\OlieDetectie\Willem_set\Alles\F07_20250521.jpeg,F07_20250521.jpeg
F07,2025-05-22 00:00:00,,,C:\Falcker\cloud\falcker\AI\OlieDetectie\Willem_set\Alles\F07_20250522.jpeg,F07_20250522.jpeg
F07,2025-05-26 00:00:00,,,C:\Falcker\cloud\falcker\AI\OlieDetectie\Willem_set\Alles\F07_20250526.jpeg,F07_20250526.jpeg
F07,2025-05-29 00:00:00,,,C:\Falcker\cloud\falcker\AI\OlieDetectie\Willem_set\Alles\F07_20250529.jpeg,F07_20250529.jpeg
F07,2025-05-30 00:00:00,,,C:\Falcker\cloud\falcker\AI\OlieDetectie\Willem_set\Alles\F07_20250530.jpeg,F07_20250530.jpeg
F07,2025-06-02 00:00:00,,,C:\Falcker\cloud\falcker\AI\OlieDetectie\Willem_set\Alles\F07_20250602.jpeg,F07_20250602.jpeg
F07,2025-06-04 00:00:00,,,C:\Falcker\cloud\falcker\AI\OlieDetectie\Willem_set\Alles\F07_20250604.jpeg,F07_20250604.jpeg
F07,2025-06-05 00:00:00,,,C:\Falcker\cloud\falcker\AI\OlieDetectie\Willem_set\Alles\F07_20250605.jpeg,F07_20250605.jpeg
F07,2025-06-09 00:00:00,,,C:\Falcker\cloud\falcker\AI\OlieDetectie\Willem_set\Alles\F07_20250609.jpeg,F07_20250609.jpeg
F07,2025-06-11 00:00:00,,,C:\Falcker\cloud\falcker\AI\OlieDetectie\Willem_set\Alles\F07_20250611.jpeg,F07_20250611.jpeg
F07,2025-06-16 00:00:00,,,C:\Falcker\cloud\falcker\AI\OlieDetectie\Willem_set\Alles\F07_20250616.jpeg,F07_20250616.jpeg
F07,2025-06-17 00:00:00,,,C:\Falcker\cloud\falcker\AI\OlieDetectie\Willem_set\Alles\F07_20250617.jpeg,F07_20250617.jpeg
F07,2025-06-19 00:00:00,,,C:\Falcker\cloud\falcker\AI\OlieDetectie\Willem_set\Alles\F07_20250619.jpeg,F07_20250619.jpeg
F07,2025-06-20 00:00:00,,,C:\Falcker\cloud\falcker\AI\OlieDetectie\Willem_set\Alles\F07_20250620.jpeg,F07_20250620.jpeg
F07,2025-06-24 00:00:00,,,C:\Falcker\cloud\falcker\AI\OlieDetectie\Willem_set\Alles\F07_20250624.jpeg,F07_20250624.jpeg
F07,2025-06-25 00:00:00,,,C:\Falcker\cloud\falcker\AI\OlieDetectie\Willem_set\Alles\F07_20250625.jpeg,F07_20250625.jpeg
F07,2025-06-26 00:00:00,,,C:\Falcker\cloud\falcker\AI\OlieDetectie\Willem_set\Alles\F07_20250626.jpeg,F07_20250626.jpeg
F07,2025-06-27 00:00:00,,,C:\Falcker\cloud\falcker\AI\OlieDetectie\Willem_set\Alles\F07_20250627.jpeg,F07_20250627.jpeg
F07,2025-06-30 00:00:00,,,C:\Falcker\cloud\falcker\AI\OlieDetectie\Willem_set\Alles\F07_20250630.jpeg,F07_20250630.jpeg
F07,2025-07-01 00:00:00,,,C:\Falcker\cloud\falcker\AI\OlieDetectie\Willem_set\Alles\F07_20250701.jpeg,F07_20250701.jpeg
F08,2025-04-18 00:00:00,,,C:\Falcker\cloud\falcker\AI\OlieDetectie\Willem_set\Alles\F08_20250418.jpeg,F08_20250418.jpeg
F08,2025-04-22 00:00:00,,,C:\Falcker\cloud\falcker\AI\OlieDetectie\Willem_set\Alles\F08_20250422.jpeg,F08_20250422.jpeg
F08,2025-04-23 00:00:00,,,C:\Falcker\cloud\falcker\AI\OlieDetectie\Willem_set\Alles\F08_20250423.jpeg,F08_20250423.jpeg
F08,2025-04-24 00:00:00,,,C:\Falcker\cloud\falcker\AI\OlieDetectie\Willem_set\Alles\F08_20250424.jpeg,F08_20250424.jpeg
F08,2025-04-25 00:00:00,,,C:\Falcker\cloud\falcker\AI\OlieDetectie\Willem_set\Alles\F08_20250425.jpeg,F08_20250425.jpeg
F08,2025-04-28 00:00:00,,,C:\Falcker\cloud\falcker\AI\OlieDetectie\Willem_set\Alles\F08_20250428.jpeg,F08_20250428.jpeg
F08,2025-04-29 00:00:00,,,C:\Falcker\cloud\falcker\AI\OlieDetectie\Willem_set\Alles\F08_20250429.jpeg,F08_20250429.jpeg
F08,2025-04-30 00:00:00,,,C:\Falcker\cloud\falcker\AI\OlieDetectie\Willem_set\Alles\F08_20250430.jpeg,F08_20250430.jpeg
F08,2025-05-02 00:00:00,,,C:\Falcker\cloud\falcker\AI\OlieDetectie\Willem_set\Alles\F08_20250502.jpeg,F08_20250502.jpeg
F08,2025-05-05 00:00:00,,,C:\Falcker\cloud\falcker\AI\OlieDetectie\Willem_set\Alles\F08_20250505.jpeg,F08_20250505.jpeg
F08,2025-05-06 00:00:00,,,C:\Falcker\cloud\falcker\AI\OlieDetectie\Willem_set\Alles\F08_20250506.jpeg,F08_20250506.jpeg
F08,2025-05-07 00:00:00,,,C:\Falcker\cloud\falcker\AI\OlieDetectie\Willem_set\Alles\F08_20250507.jpeg,F08_20250507.jpeg
F08,2025-05-08 00:00:00,,,C:\Falcker\cloud\falcker\AI\OlieDetectie\Willem_set\Alles\F08_20250508.jpeg,F08_20250508.jpeg
F08,2025-05-09 00:00:00,,,C:\Falcker\cloud\falcker\AI\OlieDetectie\Willem_set\Alles\F08_20250509.jpeg,F08_20250509.jpeg
F08,2025-05-12 00:00:00,,,C:\Falcker\cloud\falcker\AI\OlieDetectie\Willem_set\Alles\F08_20250512.jpeg,F08_20250512.jpeg
F08,2025-05-13 00:00:00,,,C:\Falcker\cloud\falcker\AI\OlieDetectie\Willem_set\Alles\F08_20250513.jpeg,F08_20250513.jpeg
F08,2025-05-14 00:00:00,,,C:\Falcker\cloud\falcker\AI\OlieDetectie\Willem_set\Alles\F08_20250514.jpeg,F08_20250514.jpeg
F08,2025-05-15 00:00:00,,,C:\Falcker\cloud\falcker\AI\OlieDetectie\Willem_set\Alles\F08_20250515.jpeg,F08_20250515.jpeg
F08,2025-05-19 00:00:00,,,C:\Falcker\cloud\falcker\AI\OlieDetectie\Willem_set\Alles\F08_20250519.jpeg,F08_20250519.jpeg
F08,2025-05-20 00:00:00,,,C:\Falcker\cloud\falcker\AI\OlieDetectie\Willem_set\Alles\F08_20250520.jpeg,F08_20250520.jpeg
F08,2025-05-21 00:00:00,,,C:\Falcker\cloud\falcker\AI\OlieDetectie\Willem_set\Alles\F08_20250521.jpeg,F08_20250521.jpeg
F08,2025-05-22 00:00:00,,,C:\Falcker\cloud\falcker\AI\OlieDetectie\Willem_set\Alles\F08_20250522.jpeg,F08_20250522.jpeg
F08,2025-05-26 00:00:00,,,C:\Falcker\cloud\falcker\AI\OlieDetectie\Willem_set\Alles\F08_20250526.jpeg,F08_20250526.jpeg
F08,2025-05-29 00:00:00,,,C:\Falcker\cloud\falcker\AI\OlieDetectie\Willem_set\Alles\F08_20250529.jpeg,F08_20250529.jpeg
F08,2025-05-30 00:00:00,,,C:\Falcker\cloud\falcker\AI\OlieDetectie\Willem_set\Alles\F08_20250530.jpeg,F08_20250530.jpeg
F08,2025-06-02 00:00:00,,,C:\Falcker\cloud\falcker\AI\OlieDetectie\Willem_set\Alles\F08_20250602.jpeg,F08_20250602.jpeg
F08,2025-06-04 00:00:00,,,C:\Falcker\cloud\falcker\AI\OlieDetectie\Willem_set\Alles\F08_20250604.jpeg,F08_20250604.jpeg
F08,2025-06-05 00:00:00,,,C:\Falcker\cloud\falcker\AI\OlieDetectie\Willem_set\Alles\F08_20250605.jpeg,F08_20250605.jpeg
F08,2025-06-09 00:00:00,,,C:\Falcker\cloud\falcker\AI\OlieDetectie\Willem_set\Alles\F08_20250609.jpeg,F08_20250609.jpeg
F08,2025-06-11 00:00:00,,,C:\Falcker\cloud\falcker\AI\OlieDetectie\Willem_set\Alles\F08_20250611.jpeg,F08_20250611.jpeg
F08,2025-06-16 00:00:00,,,C:\Falcker\cloud\falcker\AI\OlieDetectie\Willem_set\Alles\F08_20250616.jpeg,F08_20250616.jpeg
F08,2025-06-17 00:00:00,,,C:\Falcker\cloud\falcker\AI\OlieDetectie\Willem_set\Alles\F08_20250617.jpeg,F08_20250617.jpeg
F08,2025-06-19 00:00:00,,,C:\Falcker\cloud\falcker\AI\OlieDetectie\Willem_set\Alles\F08_20250619.jpeg,F08_20250619.jpeg
F08,2025-06-20 00:00:00,,,C:\Falcker\cloud\falcker\AI\OlieDetectie\Willem_set\Alles\F08_20250620.jpeg,F08_20250620.jpeg
F08,2025-06-24 00:00:00,,,C:\Falcker\cloud\falcker\AI\OlieDetectie\Willem_set\Alles\F08_20250624.jpeg,F08_20250624.jpeg
F08,2025-06-25 00:00:00,,,C:\Falcker\cloud\falcker\AI\OlieDetectie\Willem_set\Alles\F08_20250625.jpeg,F08_20250625.jpeg
F08,2025-06-26 00:00:00,,,C:\Falcker\cloud\falcker\AI\OlieDetectie\Willem_set\Alles\F08_20250626.jpeg,F08_20250626.jpeg
F08,2025-06-27 00:00:00,,,C:\Falcker\cloud\falcker\AI\OlieDetectie\Willem_set\Alles\F08_20250627.jpeg,F08_20250627.jpeg
F08,2025-06-30 00:00:00,,,C:\Falcker\cloud\falcker\AI\OlieDetectie\Willem_set\Alles\F08_20250630.jpeg,F08_20250630.jpeg
F08,2025-07-01 00:00:00,,,C:\Falcker\cloud\falcker\AI\OlieDetectie\Willem_set\Alles\F08_20250701.jpeg,F08_20250701.jpeg
F09,2025-04-18 00:00:00,,,C:\Falcker\cloud\falcker\AI\OlieDetectie\Willem_set\Alles\F09_20250418.jpeg,F09_20250418.jpeg
F09,2025-04-22 00:00:00,,,C:\Falcker\cloud\falcker\AI\OlieDetectie\Willem_set\Alles\F09_20250422.jpeg,F09_20250422.jpeg
F09,2025-04-23 00:00:00,,,C:\Falcker\cloud\falcker\AI\OlieDetectie\Willem_set\Alles\F09_20250423.jpeg,F09_20250423.jpeg
F09,2025-04-24 00:00:00,,,C:\Falcker\cloud\falcker\AI\OlieDetectie\Willem_set\Alles\F09_20250424.jpeg,F09_20250424.jpeg
F09,2025-04-25 00:00:00,,,C:\Falcker\cloud\falcker\AI\OlieDetectie\Willem_set\Alles\F09_20250425.jpeg,F09_20250425.jpeg
F09,2025-04-28 00:00:00,,,C:\Falcker\cloud\falcker\AI\OlieDetectie\Willem_set\Alles\F09_20250428.jpeg,F09_20250428.jpeg
F09,2025-04-29 00:00:00,,,C:\Falcker\cloud\falcker\AI\OlieDetectie\Willem_set\Alles\F09_20250429.jpeg,F09_20250429.jpeg
F09,2025-04-30 00:00:00,,,C:\Falcker\cloud\falcker\AI\OlieDetectie\Willem_set\Alles\F09_20250430.jpeg,F09_20250430.jpeg
F09,2025-05-02 00:00:00,,,C:\Falcker\cloud\falcker\AI\OlieDetectie\Willem_set\Alles\F09_20250502.jpeg,F09_20250502.jpeg
F09,2025-05-05 00:00:00,,,C:\Falcker\cloud\falcker\AI\OlieDetectie\Willem_set\Alles\F09_20250505.jpeg,F09_20250505.jpeg
F09,2025-05-06 00:00:00,,,C:\Falcker\cloud\falcker\AI\OlieDetectie\Willem_set\Alles\F09_20250506.jpeg,F09_20250506.jpeg
F09,2025-05-07 00:00:00,,,C:\Falcker\cloud\falcker\AI\OlieDetectie\Willem_set\Alles\F09_20250507.jpeg,F09_20250507.jpeg
F09,2025-05-08 00:00:00,,,C:\Falcker\cloud\falcker\AI\OlieDetectie\Willem_set\Alles\F09_20250508.jpeg,F09_20250508.jpeg
F09,2025-05-09 00:00:00,,,C:\Falcker\cloud\falcker\AI\OlieDetectie\Willem_set\Alles\F09_20250509.jpeg,F09_20250509.jpeg
F09,2025-05-12 00:00:00,,,C:\Falcker\cloud\falcker\AI\OlieDetectie\Willem_set\Alles\F09_20250512.jpeg,F09_20250512.jpeg
F09,2025-05-13 00:00:00,,,C:\Falcker\cloud\falcker\AI\OlieDetectie\Willem_set\Alles\F09_20250513.jpeg,F09_20250513.jpeg
F09,2025-05-14 00:00:00,,,C:\Falcker\cloud\falcker\AI\OlieDetectie\Willem_set\Alles\F09_20250514.jpeg,F09_20250514.jpeg
F09,2025-05-15 00:00:00,,,C:\Falcker\cloud\falcker\AI\OlieDetectie\Willem_set\Alles\F09_20250515.jpeg,F09_20250515.jpeg
F09,2025-05-19 00:00:00,,,C:\Falcker\cloud\falcker\AI\OlieDetectie\Willem_set\Alles\F09_20250519.jpeg,F09_20250519.jpeg
F09,2025-05-20 00:00:00,,,C:\Falcker\cloud\falcker\AI\OlieDetectie\Willem_set\Alles\F09_20250520.jpeg,F09_20250520.jpeg
F09,2025-05-21 00:00:00,,,C:\Falcker\cloud\falcker\AI\OlieDetectie\Willem_set\Alles\F09_20250521.jpeg,F09_20250521.jpeg
F09,2025-05-22 00:00:00,,,C:\Falcker\cloud\falcker\AI\OlieDetectie\Willem_set\Alles\F09_20250522.jpeg,F09_20250522.jpeg
F09,2025-05-26 00:00:00,,,C:\Falcker\cloud\falcker\AI\OlieDetectie\Willem_set\Alles\F09_20250526.jpeg,F09_20250526.jpeg
F09,2025-05-29 00:00:00,,,C:\Falcker\cloud\falcker\AI\OlieDetectie\Willem_set\Alles\F09_20250529.jpeg,F09_20250529.jpeg
F09,2025-05-30 00:00:00,,,C:\Falcker\cloud\falcker\AI\OlieDetectie\Willem_set\Alles\F09_20250530.jpeg,F09_20250530.jpeg
F09,2025-06-02 00:00:00,,,C:\Falcker\cloud\falcker\AI\OlieDetectie\Willem_set\Alles\F09_20250602.jpeg,F09_20250602.jpeg
F09,2025-06-04 00:00:00,,,C:\Falcker\cloud\falcker\AI\OlieDetectie\Willem_set\Alles\F09_20250604.jpeg,F09_20250604.jpeg
F09,2025-06-05 00:00:00,,,C:\Falcker\cloud\falcker\AI\OlieDetectie\Willem_set\Alles\F09_20250605.jpeg,F09_20250605.jpeg
F09,2025-06-09 00:00:00,,,C:\Falcker\cloud\falcker\AI\OlieDetectie\Willem_set\Alles\F09_20250609.jpeg,F09_20250609.jpeg
F09,2025-06-11 00:00:00,,,C:\Falcker\cloud\falcker\AI\OlieDetectie\Willem_set\Alles\F09_20250611.jpeg,F09_20250611.jpeg
F09,2025-06-16 00:00:00,,,C:\Falcker\cloud\falcker\AI\OlieDetectie\Willem_set\Alles\F09_20250616.jpeg,F09_20250616.jpeg
F09,2025-06-17 00:00:00,,,C:\Falcker\cloud\falcker\AI\OlieDetectie\Willem_set\Alles\F09_20250617.jpeg,F09_20250617.jpeg
F09,2025-06-19 00:00:00,,,C:\Falcker\cloud\falcker\AI\OlieDetectie\Willem_set\Alles\F09_20250619.jpeg,F09_20250619.jpeg
F09,2025-06-20 00:00:00,,,C:\Falcker\cloud\falcker\AI\OlieDetectie\Willem_set\Alles\F09_20250620.jpeg,F09_20250620.jpeg
F09,2025-06-24 00:00:00,,,C:\Falcker\cloud\falcker\AI\OlieDetectie\Willem_set\Alles\F09_20250624.jpeg,F09_20250624.jpeg
F09,2025-06-25 00:00:00,,,C:\Falcker\cloud\falcker\AI\OlieDetectie\Willem_set\Alles\F09_20250625.jpeg,F09_20250625.jpeg
F09,2025-06-26 00:00:00,,,C:\Falcker\cloud\falcker\AI\OlieDetectie\Willem_set\Alles\F09_20250626.jpeg,F09_20250626.jpeg
F09,2025-06-27 00:00:00,,,C:\Falcker\cloud\falcker\AI\OlieDetectie\Willem_set\Alles\F09_20250627.jpeg,F09_20250627.jpeg
F09,2025-06-30 00:00:00,,,C:\Falcker\cloud\falcker\AI\OlieDetectie\Willem_set\Alles\F09_20250630.jpeg,F09_20250630.jpeg
F09,2025-07-01 00:00:00,,,C:\Falcker\cloud\falcker\AI\OlieDetectie\Willem_set\Alles\F09_20250701.jpeg,F09_20250701.jpeg
F11,2025-04-18 00:00:00,,,C:\Falcker\cloud\falcker\AI\OlieDetectie\Willem_set\Alles\F11_20250418.jpeg,F11_20250418.jpeg
F11,2025-04-22 00:00:00,,,C:\Falcker\cloud\falcker\AI\OlieDetectie\Willem_set\Alles\F11_20250422.jpeg,F11_20250422.jpeg
F11,2025-04-23 00:00:00,,,C:\Falcker\cloud\falcker\AI\OlieDetectie\Willem_set\Alles\F11_20250423.jpeg,F11_20250423.jpeg
F11,2025-04-24 00:00:00,,,C:\Falcker\cloud\falcker\AI\OlieDetectie\Willem_set\Alles\F11_20250424.jpeg,F11_20250424.jpeg
F11,2025-04-25 00:00:00,,,C:\Falcker\cloud\falcker\AI\OlieDetectie\Willem_set\Alles\F11_20250425.jpeg,F11_20250425.jpeg
F11,2025-04-28 00:00:00,,,C:\Falcker\cloud\falcker\AI\OlieDetectie\Willem_set\Alles\F11_20250428.jpeg,F11_20250428.jpeg
F11,2025-04-29 00:00:00,,,C:\Falcker\cloud\falcker\AI\OlieDetectie\Willem_set\Alles\F11_20250429.jpeg,F11_20250429.jpeg
F11,2025-04-30 00:00:00,,,C:\Falcker\cloud\falcker\AI\OlieDetectie\Willem_set\Alles\F11_20250430.jpeg,F11_20250430.jpeg
F11,2025-05-02 00:00:00,,,C:\Falcker\cloud\falcker\AI\OlieDetectie\Willem_set\Alles\F11_20250502.jpeg,F11_20250502.jpeg
F11,2025-05-05 00:00:00,,,C:\Falcker\cloud\falcker\AI\OlieDetectie\Willem_set\Alles\F11_20250505.jpeg,F11_20250505.jpeg
F11,2025-05-06 00:00:00,,,C:\Falcker\cloud\falcker\AI\OlieDetectie\Willem_set\Alles\F11_20250506.jpeg,F11_20250506.jpeg
F11,2025-05-07 00:00:00,,,C:\Falcker\cloud\falcker\AI\OlieDetectie\Willem_set\Alles\F11_20250507.jpeg,F11_20250507.jpeg
F11,2025-05-08 00:00:00,,,C:\Falcker\cloud\falcker\AI\OlieDetectie\Willem_set\Alles\F11_20250508.jpeg,F11_20250508.jpeg
F11,2025-05-09 00:00:00,,,C:\Falcker\cloud\falcker\AI\OlieDetectie\Willem_set\Alles\F11_20250509.jpeg,F11_20250509.jpeg
F11,2025-05-12 00:00:00,,,C:\Falcker\cloud\falcker\AI\OlieDetectie\Willem_set\Alles\F11_20250512.jpeg,F11_20250512.jpeg
F11,2025-05-13 00:00:00,,,C:\Falcker\cloud\falcker\AI\OlieDetectie\Willem_set\Alles\F11_20250513.jpeg,F11_20250513.jpeg
F11,2025-05-14 00:00:00,,,C:\Falcker\cloud\falcker\AI\OlieDetectie\Willem_set\Alles\F11_20250514.jpeg,F11_20250514.jpeg
F11,2025-05-15 00:00:00,,,C:\Falcker\cloud\falcker\AI\OlieDetectie\Willem_set\Alles\F11_20250515.jpeg,F11_20250515.jpeg
F11,2025-05-19 00:00:00,,,C:\Falcker\cloud\falcker\AI\OlieDetectie\Willem_set\Alles\F11_20250519.jpeg,F11_20250519.jpeg
F11,2025-05-20 00:00:00,,,C:\Falcker\cloud\falcker\AI\OlieDetectie\Willem_set\Alles\F11_20250520.jpeg,F11_20250520.jpeg
F11,2025-05-21 00:00:00,,,C:\Falcker\cloud\falcker\AI\OlieDetectie\Willem_set\Alles\F11_20250521.jpeg,F11_20250521.jpeg
F11,2025-05-22 00:00:00,,,C:\Falcker\cloud\falcker\AI\OlieDetectie\Willem_set\Alles\F11_20250522.jpeg,F11_20250522.jpeg
F11,2025-05-26 00:00:00,,,C:\Falcker\cloud\falcker\AI\OlieDetectie\Willem_set\Alles\F11_20250526.jpeg,F11_20250526.jpeg
F11,2025-05-29 00:00:00,,,C:\Falcker\cloud\falcker\AI\OlieDetectie\Willem_set\Alles\F11_20250529.jpeg,F11_20250529.jpeg
F11,2025-05-30 00:00:00,,,C:\Falcker\cloud\falcker\AI\OlieDetectie\Willem_set\Alles\F11_20250530.jpeg,F11_20250530.jpeg
F11,2025-06-02 00:00:00,,,C:\Falcker\cloud\falcker\AI\OlieDetectie\Willem_set\Alles\F11_20250602.jpeg,F11_20250602.jpeg
F11,2025-06-04 00:00:00,,,C:\Falcker\cloud\falcker\AI\OlieDetectie\Willem_set\Alles\F11_20250604.jpeg,F11_20250604.jpeg
F11,2025-06-05 00:00:00,,,C:\Falcker\cloud\falcker\AI\OlieDetectie\Willem_set\Alles\F11_20250605.jpeg,F11_20250605.jpeg
F11,2025-06-09 00:00:00,,,C:\Falcker\cloud\falcker\AI\OlieDetectie\Willem_set\Alles\F11_20250609.jpeg,F11_20250609.jpeg
F11,2025-06-11 00:00:00,,,C:\Falcker\cloud\falcker\AI\OlieDetectie\Willem_set\Alles\F11_20250611.jpeg,F11_20250611.jpeg
F11,2025-06-16 00:00:00,,,C:\Falcker\cloud\falcker\AI\OlieDetectie\Willem_set\Alles\F11_20250616.jpeg,F11_20250616.jpeg
F11,2025-06-17 00:00:00,,,C:\Falcker\cloud\falcker\AI\OlieDetectie\Willem_set\Alles\F11_20250617.jpeg,F11_20250617.jpeg
F11,2025-06-19 00:00:00,,,C:\Falcker\cloud\falcker\AI\OlieDetectie\Willem_set\Alles\F11_20250619.jpeg,F11_20250619.jpeg
F11,2025-06-20 00:00:00,,,C:\Falcker\cloud\falcker\AI\OlieDetectie\Willem_set\Alles\F11_20250620.jpeg,F11_20250620.jpeg
F11,2025-06-24 00:00:00,,,C:\Falcker\cloud\falcker\AI\OlieDetectie\Willem_set\Alles\F11_20250624.jpeg,F11_20250624.jpeg
F11,2025-06-25 00:00:00,,,C:\Falcker\cloud\falcker\AI\OlieDetectie\Willem_set\Alles\F11_20250625.jpeg,F11_20250625.jpeg
F11,2025-06-26 00:00:00,,,C:\Falcker\cloud\falcker\AI\OlieDetectie\Willem_set\Alles\F11_20250626.jpeg,F11_20250626.jpeg
F11,2025-06-27 00:00:00,,,C:\Falcker\cloud\falcker\AI\OlieDetectie\Willem_set\Alles\F11_20250627.jpeg,F11_20250627.jpeg
F11,2025-06-30 00:00:00,,,C:\Falcker\cloud\falcker\AI\OlieDetectie\Willem_set\Alles\F11_20250630.jpeg,F11_20250630.jpeg
F11,2025-07-01 00:00:00,,,C:\Falcker\cloud\falcker\AI\OlieDetectie\Willem_set\Alles\F11_20250701.jpeg,F11_20250701.jpeg
F12,2025-04-18 00:00:00,,,C:\Falcker\cloud\falcker\AI\OlieDetectie\Willem_set\Alles\F12_20250418.jpeg,F12_20250418.jpeg
F12,2025-04-22 00:00:00,,,C:\Falcker\cloud\falcker\AI\OlieDetectie\Willem_set\Alles\F12_20250422.jpeg,F12_20250422.jpeg
F12,2025-04-23 00:00:00,,,C:\Falcker\cloud\falcker\AI\OlieDetectie\Willem_set\Alles\F12_20250423.jpeg,F12_20250423.jpeg
F12,2025-04-24 00:00:00,,,C:\Falcker\cloud\falcker\AI\OlieDetectie\Willem_set\Alles\F12_20250424.jpeg,F12_20250424.jpeg
F12,2025-04-25 00:00:00,,,C:\Falcker\cloud\falcker\AI\OlieDetectie\Willem_set\Alles\F12_20250425.jpeg,F12_20250425.jpeg
F12,2025-04-28 00:00:00,,,C:\Falcker\cloud\falcker\AI\OlieDetectie\Willem_set\Alles\F12_20250428.jpeg,F12_20250428.jpeg
F12,2025-04-29 00:00:00,,,C:\Falcker\cloud\falcker\AI\OlieDetectie\Willem_set\Alles\F12_20250429.jpeg,F12_20250429.jpeg
F12,2025-04-30 00:00:00,,,C:\Falcker\cloud\falcker\AI\OlieDetectie\Willem_set\Alles\F12_20250430.jpeg,F12_20250430.jpeg
F12,2025-05-02 00:00:00,,,C:\Falcker\cloud\falcker\AI\OlieDetectie\Willem_set\Alles\F12_20250502.jpeg,F12_20250502.jpeg
F12,2025-05-05 00:00:00,,,C:\Falcker\cloud\falcker\AI\OlieDetectie\Willem_set\Alles\F12_20250505.jpeg,F12_20250505.jpeg
F12,2025-05-06 00:00:00,,,C:\Falcker\cloud\falcker\AI\OlieDetectie\Willem_set\Alles\F12_20250506.jpeg,F12_20250506.jpeg
F12,2025-05-07 00:00:00,,,C:\Falcker\cloud\falcker\AI\OlieDetectie\Willem_set\Alles\F12_20250507.jpeg,F12_20250507.jpeg
F12,2025-05-08 00:00:00,,,C:\Falcker\cloud\falcker\AI\OlieDetectie\Willem_set\Alles\F12_20250508.jpeg,F12_20250508.jpeg
F12,2025-05-09 00:00:00,,,C:\Falcker\cloud\falcker\AI\OlieDetectie\Willem_set\Alles\F12_20250509.jpeg,F12_20250509.jpeg
F12,2025-05-12 00:00:00,,,C:\Falcker\cloud\falcker\AI\OlieDetectie\Willem_set\Alles\F12_20250512.jpeg,F12_20250512.jpeg
F12,2025-05-13 00:00:00,,,C:\Falcker\cloud\falcker\AI\OlieDetectie\Willem_set\Alles\F12_20250513.jpeg,F12_20250513.jpeg
F12,2025-05-14 00:00:00,,,C:\Falcker\cloud\falcker\AI\OlieDetectie\Willem_set\Alles\F12_20250514.jpeg,F12_20250514.jpeg
F12,2025-05-15 00:00:00,,,C:\Falcker\cloud\falcker\AI\OlieDetectie\Willem_set\Alles\F12_20250515.jpeg,F12_20250515.jpeg
F12,2025-05-19 00:00:00,,,C:\Falcker\cloud\falcker\AI\OlieDetectie\Willem_set\Alles\F12_20250519.jpeg,F12_20250519.jpeg
F12,2025-05-20 00:00:00,,,C:\Falcker\cloud\falcker\AI\OlieDetectie\Willem_set\Alles\F12_20250520.jpeg,F12_20250520.jpeg
F12,2025-05-21 00:00:00,,,C:\Falcker\cloud\falcker\AI\OlieDetectie\Willem_set\Alles\F12_20250521.jpeg,F12_20250521.jpeg
F12,2025-05-22 00:00:00,,,C:\Falcker\cloud\falcker\AI\OlieDetectie\Willem_set\Alles\F12_20250522.jpeg,F12_20250522.jpeg
F12,2025-05-26 00:00:00,,,C:\Falcker\cloud\falcker\AI\OlieDetectie\Willem_set\Alles\F12_20250526.jpeg,F12_20250526.jpeg
F12,2025-05-29 00:00:00,,,C:\Falcker\cloud\falcker\AI\OlieDetectie\Willem_set\Alles\F12_20250529.jpeg,F12_20250529.jpeg
F12,2025-05-30 00:00:00,,,C:\Falcker\cloud\falcker\AI\OlieDetectie\Willem_set\Alles\F12_20250530.jpeg,F12_20250530.jpeg
F12,2025-06-02 00:00:00,,,C:\Falcker\cloud\falcker\AI\OlieDetectie\Willem_set\Alles\F12_20250602.jpeg,F12_20250602.jpeg
F12,2025-06-04 00:00:00,,,C:\Falcker\cloud\falcker\AI\OlieDetectie\Willem_set\Alles\F12_20250604.jpeg,F12_20250604.jpeg
F12,2025-06-05 00:00:00,,,C:\Falcker\cloud\falcker\AI\OlieDetectie\Willem_set\Alles\F12_20250605.jpeg,F12_20250605.jpeg
F12,2025-06-09 00:00:00,,,C:\Falcker\cloud\falcker\AI\OlieDetectie\Willem_set\Alles\F12_20250609.jpeg,F12_20250609.jpeg
F12,2025-06-11 00:00:00,,,C:\Falcker\cloud\falcker\AI\OlieDetectie\Willem_set\Alles\F12_20250611.jpeg,F12_20250611.jpeg
F12,2025-06-16 00:00:00,,,C:\Falcker\cloud\falcker\AI\OlieDetectie\Willem_set\Alles\F12_20250616.jpeg,F12_20250616.jpeg
F12,2025-06-17 00:00:00,,,C:\Falcker\cloud\falcker\AI\OlieDetectie\Willem_set\Alles\F12_20250617.jpeg,F12_20250617.jpeg
F12,2025-06-19 00:00:00,,,C:\Falcker\cloud\falcker\AI\OlieDetectie\Willem_set\Alles\F12_20250619.jpeg,F12_20250619.jpeg
F12,2025-06-20 00:00:00,,,C:\Falcker\cloud\falcker\AI\OlieDetectie\Willem_set\Alles\F12_20250620.jpeg,F12_20250620.jpeg
F12,2025-06-24 00:00:00,,,C:\Falcker\cloud\falcker\AI\OlieDetectie\Willem_set\Alles\F12_20250624.jpeg,F12_20250624.jpeg
F12,2025-06-25 00:00:00,,,C:\Falcker\cloud\falcker\AI\OlieDetectie\Willem_set\Alles\F12_20250625.jpeg,F12_20250625.jpeg
F12,2025-06-26 00:00:00,,,C:\Falcker\cloud\falcker\AI\OlieDetectie\Willem_set\Alles\F12_20250626.jpeg,F12_20250626.jpeg
F12,2025-06-27 00:00:00,,,C:\Falcker\cloud\falcker\AI\OlieDetectie\Willem_set\Alles\F12_20250627.jpeg,F12_20250627.jpeg
F12,2025-06-30 00:00:00,,,C:\Falcker\cloud\falcker\AI\OlieDetectie\Willem_set\Alles\F12_20250630.jpeg,F12_20250630.jpeg
F12,2025-07-01 00:00:00,,,C:\Falcker\cloud\falcker\AI\OlieDetectie\Willem_set\Alles\F12_20250701.jpeg,F12_20250701.jpeg
F13,2025-04-18 00:00:00,,,C:\Falcker\cloud\falcker\AI\OlieDetectie\Willem_set\Alles\F13_20250418.jpeg,F13_20250418.jpeg
F13,2025-04-22 00:00:00,,,C:\Falcker\cloud\falcker\AI\OlieDetectie\Willem_set\Alles\F13_20250422.jpeg,F13_20250422.jpeg
F13,2025-04-23 00:00:00,,,C:\Falcker\cloud\falcker\AI\OlieDetectie\Willem_set\Alles\F13_20250423.jpeg,F13_20250423.jpeg
F13,2025-04-24 00:00:00,,,C:\Falcker\cloud\falcker\AI\OlieDetectie\Willem_set\Alles\F13_20250424.jpeg,F13_20250424.jpeg
F13,2025-04-25 00:00:00,,,C:\Falcker\cloud\falcker\AI\OlieDetectie\Willem_set\Alles\F13_20250425.jpeg,F13_20250425.jpeg
F13,2025-04-28 00:00:00,,,C:\Falcker\cloud\falcker\AI\OlieDetectie\Willem_set\Alles\F13_20250428.jpeg,F13_20250428.jpeg
F13,2025-04-29 00:00:00,,,C:\Falcker\cloud\falcker\AI\OlieDetectie\Willem_set\Alles\F13_20250429.jpeg,F13_20250429.jpeg
F13,2025-04-30 00:00:00,,,C:\Falcker\cloud\falcker\AI\OlieDetectie\Willem_set\Alles\F13_20250430.jpeg,F13_20250430.jpeg
F13,2025-05-02 00:00:00,,,C:\Falcker\cloud\falcker\AI\OlieDetectie\Willem_set\Alles\F13_20250502.jpeg,F13_20250502.jpeg
F13,2025-05-05 00:00:00,,,C:\Falcker\cloud\falcker\AI\OlieDetectie\Willem_set\Alles\F13_20250505.jpeg,F13_20250505.jpeg
F13,2025-05-06 00:00:00,,,C:\Falcker\cloud\falcker\AI\OlieDetectie\Willem_set\Alles\F13_20250506.jpeg,F13_20250506.jpeg
F13,2025-05-07 00:00:00,,,C:\Falcker\cloud\falcker\AI\OlieDetectie\Willem_set\Alles\F13_20250507.jpeg,F13_20250507.jpeg
F13,2025-05-08 00:00:00,,,C:\Falcker\cloud\falcker\AI\OlieDetectie\Willem_set\Alles\F13_20250508.jpeg,F13_20250508.jpeg
F13,2025-05-09 00:00:00,,,C:\Falcker\cloud\falcker\AI\OlieDetectie\Willem_set\Alles\F13_20250509.jpeg,F13_20250509.jpeg
F13,2025-05-12 00:00:00,,,C:\Falcker\cloud\falcker\AI\OlieDetectie\Willem_set\Alles\F13_20250512.jpeg,F13_20250512.jpeg
F13,2025-05-13 00:00:00,,,C:\Falcker\cloud\falcker\AI\OlieDetectie\Willem_set\Alles\F13_20250513.jpeg,F13_20250513.jpeg
F13,2025-05-14 00:00:00,,,C:\Falcker\cloud\falcker\AI\OlieDetectie\Willem_set\Alles\F13_20250514.jpeg,F13_20250514.jpeg
F13,2025-05-15 00:00:00,,,C:\Falcker\cloud\falcker\AI\OlieDetectie\Willem_set\Alles\F13_20250515.jpeg,F13_20250515.jpeg
F13,2025-05-19 00:00:00,,,C:\Falcker\cloud\falcker\AI\OlieDetectie\Willem_set\Alles\F13_20250519.jpeg,F13_20250519.jpeg
F13,2025-05-20 00:00:00,,,C:\Falcker\cloud\falcker\AI\OlieDetectie\Willem_set\Alles\F13_20250520.jpeg,F13_20250520.jpeg
F13,2025-05-21 00:00:00,,,C:\Falcker\cloud\falcker\AI\OlieDetectie\Willem_set\Alles\F13_20250521.jpeg,F13_20250521.jpeg
F13,2025-05-22 00:00:00,,,C:\Falcker\cloud\falcker\AI\OlieDetectie\Willem_set\Alles\F13_20250522.jpeg,F13_20250522.jpeg
F13,2025-05-26 00:00:00,,,C:\Falcker\cloud\falcker\AI\OlieDetectie\Willem_set\Alles\F13_20250526.jpeg,F13_20250526.jpeg
F13,2025-05-29 00:00:00,,,C:\Falcker\cloud\falcker\AI\OlieDetectie\Willem_set\Alles\F13_20250529.jpeg,F13_20250529.jpeg
F13,2025-05-30 00:00:00,,,C:\Falcker\cloud\falcker\AI\OlieDetectie\Willem_set\Alles\F13_20250530.jpeg,F13_20250530.jpeg
F13,2025-06-02 00:00:00,,,C:\Falcker\cloud\falcker\AI\OlieDetectie\Willem_set\Alles\F13_20250602.jpeg,F13_20250602.jpeg
F13,2025-06-04 00:00:00,,,C:\Falcker\cloud\falcker\AI\OlieDetectie\Willem_set\Alles\F13_20250604.jpeg,F13_20250604.jpeg
F13,2025-06-05 00:00:00,,,C:\Falcker\cloud\falcker\AI\OlieDetectie\Willem_set\Alles\F13_20250605.jpeg,F13_20250605.jpeg
F13,2025-06-09 00:00:00,,,C:\Falcker\cloud\falcker\AI\OlieDetectie\Willem_set\Alles\F13_20250609.jpeg,F13_20250609.jpeg
F13,2025-06-11 00:00:00,,,C:\Falcker\cloud\falcker\AI\OlieDetectie\Willem_set\Alles\F13_20250611.jpeg,F13_20250611.jpeg
F13,2025-06-16 00:00:00,,,C:\Falcker\cloud\falcker\AI\OlieDetectie\Willem_set\Alles\F13_20250616.jpeg,F13_20250616.jpeg
F13,2025-06-17 00:00:00,,,C:\Falcker\cloud\falcker\AI\OlieDetectie\Willem_set\Alles\F13_20250617.jpeg,F13_20250617.jpeg
F13,2025-06-19 00:00:00,,,C:\Falcker\cloud\falcker\AI\OlieDetectie\Willem_set\Alles\F13_20250619.jpeg,F13_20250619.jpeg
F13,2025-06-20 00:00:00,,,C:\Falcker\cloud\falcker\AI\OlieDetectie\Willem_set\Alles\F13_20250620.jpeg,F13_20250620.jpeg
F13,2025-06-24 00:00:00,,,C:\Falcker\cloud\falcker\AI\OlieDetectie\Willem_set\Alles\F13_20250624.jpeg,F13_20250624.jpeg
F13,2025-06-25 00:00:00,,,C:\Falcker\cloud\falcker\AI\OlieDetectie\Willem_set\Alles\F13_20250625.jpeg,F13_20250625.jpeg
F13,2025-06-26 00:00:00,,,C:\Falcker\cloud\falcker\AI\OlieDetectie\Willem_set\Alles\F13_20250626.jpeg,F13_20250626.jpeg
F13,2025-06-27 00:00:00,,,C:\Falcker\cloud\falcker\AI\OlieDetectie\Willem_set\Alles\F13_20250627.jpeg,F13_20250627.jpeg
F13,2025-06-30 00:00:00,,,C:\Falcker\cloud\falcker\AI\OlieDetectie\Willem_set\Alles\F13_20250630.jpeg,F13_20250630.jpeg
F13,2025-07-01 00:00:00,,,C:\Falcker\cloud\falcker\AI\OlieDetectie\Willem_set\Alles\F13_20250701.jpeg,F13_20250701.jpeg
F14,2025-04-18 00:00:00,,,C:\Falcker\cloud\falcker\AI\OlieDetectie\Willem_set\Alles\F14_20250418.jpeg,F14_20250418.jpeg
F14,2025-04-22 00:00:00,,,C:\Falcker\cloud\falcker\AI\OlieDetectie\Willem_set\Alles\F14_20250422.jpeg,F14_20250422.jpeg
F14,2025-04-23 00:00:00,,,C:\Falcker\cloud\falcker\AI\OlieDetectie\Willem_set\Alles\F14_20250423.jpeg,F14_20250423.jpeg
F14,2025-04-24 00:00:00,,,C:\Falcker\cloud\falcker\AI\OlieDetectie\Willem_set\Alles\F14_20250424.jpeg,F14_20250424.jpeg
F14,2025-04-25 00:00:00,,,C:\Falcker\cloud\falcker\AI\OlieDetectie\Willem_set\Alles\F14_20250425.jpeg,F14_20250425.jpeg
F14,2025-04-28 00:00:00,,,C:\Falcker\cloud\falcker\AI\OlieDetectie\Willem_set\Alles\F14_20250428.jpeg,F14_20250428.jpeg
F14,2025-04-29 00:00:00,,,C:\Falcker\cloud\falcker\AI\OlieDetectie\Willem_set\Alles\F14_20250429.jpeg,F14_20250429.jpeg
F14,2025-04-30 00:00:00,,,C:\Falcker\cloud\falcker\AI\OlieDetectie\Willem_set\Alles\F14_20250430.jpeg,F14_20250430.jpeg
F14,2025-05-02 00:00:00,,,C:\Falcker\cloud\falcker\AI\OlieDetectie\Willem_set\Alles\F14_20250502.jpeg,F14_20250502.jpeg
F14,2025-05-05 00:00:00,,,C:\Falcker\cloud\falcker\AI\OlieDetectie\Willem_set\Alles\F14_20250505.jpeg,F14_20250505.jpeg
F14,2025-05-06 00:00:00,,,C:\Falcker\cloud\falcker\AI\OlieDetectie\Willem_set\Alles\F14_20250506.jpeg,F14_20250506.jpeg
F14,2025-05-07 00:00:00,,,C:\Falcker\cloud\falcker\AI\OlieDetectie\Willem_set\Alles\F14_20250507.jpeg,F14_20250507.jpeg
F14,2025-05-08 00:00:00,,,C:\Falcker\cloud\falcker\AI\OlieDetectie\Willem_set\Alles\F14_20250508.jpeg,F14_20250508.jpeg
F14,2025-05-09 00:00:00,,,C:\Falcker\cloud\falcker\AI\OlieDetectie\Willem_set\Alles\F14_20250509.jpeg,F14_20250509.jpeg
F14,2025-05-12 00:00:00,,,C:\Falcker\cloud\falcker\AI\OlieDetectie\Willem_set\Alles\F14_20250512.jpeg,F14_20250512.jpeg
F14,2025-05-13 00:00:00,,,C:\Falcker\cloud\falcker\AI\OlieDetectie\Willem_set\Alles\F14_20250513.jpeg,F14_20250513.jpeg
F14,2025-05-14 00:00:00,,,C:\Falcker\cloud\falcker\AI\OlieDetectie\Willem_set\Alles\F14_20250514.jpeg,F14_20250514.jpeg
F14,2025-05-15 00:00:00,,,C:\Falcker\cloud\falcker\AI\OlieDetectie\Willem_set\Alles\F14_20250515.jpeg,F14_20250515.jpeg
F14,2025-05-19 00:00:00,,,C:\Falcker\cloud\falcker\AI\OlieDetectie\Willem_set\Alles\F14_20250519.jpeg,F14_20250519.jpeg
F14,2025-05-20 00:00:00,,,C:\Falcker\cloud\falcker\AI\OlieDetectie\Willem_set\Alles\F14_20250520.jpeg,F14_20250520.jpeg
F14,2025-05-21 00:00:00,,,C:\Falcker\cloud\falcker\AI\OlieDetectie\Willem_set\Alles\F14_20250521.jpeg,F14_20250521.jpeg
F14,2025-05-22 00:00:00,,,C:\Falcker\cloud\falcker\AI\OlieDetectie\Willem_set\Alles\F14_20250522.jpeg,F14_20250522.jpeg
F14,2025-05-26 00:00:00,,,C:\Falcker\cloud\falcker\AI\OlieDetectie\Willem_set\Alles\F14_20250526.jpeg,F14_20250526.jpeg
F14,2025-05-29 00:00:00,,,C:\Falcker\cloud\falcker\AI\OlieDetectie\Willem_set\Alles\F14_20250529.jpeg,F14_20250529.jpeg
F14,2025-05-30 00:00:00,,,C:\Falcker\cloud\falcker\AI\OlieDetectie\Willem_set\Alles\F14_20250530.jpeg,F14_20250530.jpeg
F14,2025-06-02 00:00:00,,,C:\Falcker\cloud\falcker\AI\OlieDetectie\Willem_set\Alles\F14_20250602.jpeg,F14_20250602.jpeg
F14,2025-06-04 00:00:00,,,C:\Falcker\cloud\falcker\AI\OlieDetectie\Willem_set\Alles\F14_20250604.jpeg,F14_20250604.jpeg
F14,2025-06-05 00:00:00,,,C:\Falcker\cloud\falcker\AI\OlieDetectie\Willem_set\Alles\F14_20250605.jpeg,F14_20250605.jpeg
F14,2025-06-09 00:00:00,,,C:\Falcker\cloud\falcker\AI\OlieDetectie\Willem_set\Alles\F14_20250609.jpeg,F14_20250609.jpeg
F14,2025-06-11 00:00:00,,,C:\Falcker\cloud\falcker\AI\OlieDetectie\Willem_set\Alles\F14_20250611.jpeg,F14_20250611.jpeg
F14,2025-06-16 00:00:00,,,C:\Falcker\cloud\falcker\AI\OlieDetectie\Willem_set\Alles\F14_20250616.jpeg,F14_20250616.jpeg
F14,2025-06-17 00:00:00,,,C:\Falcker\cloud\falcker\AI\OlieDetectie\Willem_set\Alles\F14_20250617.jpeg,F14_20250617.jpeg
F14,2025-06-19 00:00:00,,,C:\Falcker\cloud\falcker\AI\OlieDetectie\Willem_set\Alles\F14_20250619.jpeg,F14_20250619.jpeg
F14,2025-06-20 00:00:00,,,C:\Falcker\cloud\falcker\AI\OlieDetectie\Willem_set\Alles\F14_20250620.jpeg,F14_20250620.jpeg
F14,2025-06-24 00:00:00,,,C:\Falcker\cloud\falcker\AI\OlieDetectie\Willem_set\Alles\F14_20250624.jpeg,F14_20250624.jpeg
F14,2025-06-25 00:00:00,,,C:\Falcker\cloud\falcker\AI\OlieDetectie\Willem_set\Alles\F14_20250625.jpeg,F14_20250625.jpeg
F14,2025-06-26 00:00:00,,,C:\Falcker\cloud\falcker\AI\OlieDetectie\Willem_set\Alles\F14_20250626.jpeg,F14_20250626.jpeg
F14,2025-06-27 00:00:00,,,C:\Falcker\cloud\falcker\AI\OlieDetectie\Willem_set\Alles\F14_20250627.jpeg,F14_20250627.jpeg
F14,2025-06-30 00:00:00,,,C:\Falcker\cloud\falcker\AI\OlieDetectie\Willem_set\Alles\F14_20250630.jpeg,F14_20250630.jpeg
F14,2025-07-01 00:00:00,,,C:\Falcker\cloud\falcker\AI\OlieDetectie\Willem_set\Alles\F14_20250701.jpeg,F14_20250701.jpeg
F15,2025-04-18 00:00:00,,,C:\Falcker\cloud\falcker\AI\OlieDetectie\Willem_set\Alles\F15_20250418.jpeg,F15_20250418.jpeg
F15,2025-04-22 00:00:00,,,C:\Falcker\cloud\falcker\AI\OlieDetectie\Willem_set\Alles\F15_20250422.jpeg,F15_20250422.jpeg
F15,2025-04-23 00:00:00,,,C:\Falcker\cloud\falcker\AI\OlieDetectie\Willem_set\Alles\F15_20250423.jpeg,F15_20250423.jpeg
F15,2025-04-24 00:00:00,,,C:\Falcker\cloud\falcker\AI\OlieDetectie\Willem_set\Alles\F15_20250424.jpeg,F15_20250424.jpeg
F15,2025-04-25 00:00:00,,,C:\Falcker\cloud\falcker\AI\OlieDetectie\Willem_set\Alles\F15_20250425.jpeg,F15_20250425.jpeg
F15,2025-04-29 00:00:00,,,C:\Falcker\cloud\falcker\AI\OlieDetectie\Willem_set\Alles\F15_20250429.jpeg,F15_20250429.jpeg
F15,2025-04-30 00:00:00,,,C:\Falcker\cloud\falcker\AI\OlieDetectie\Willem_set\Alles\F15_20250430.jpeg,F15_20250430.jpeg
F15,2025-05-02 00:00:00,,,C:\Falcker\cloud\falcker\AI\OlieDetectie\Willem_set\Alles\F15_20250502.jpeg,F15_20250502.jpeg
F15,2025-05-05 00:00:00,,,C:\Falcker\cloud\falcker\AI\OlieDetectie\Willem_set\Alles\F15_20250505.jpeg,F15_20250505.jpeg
F15,2025-05-06 00:00:00,,,C:\Falcker\cloud\falcker\AI\OlieDetectie\Willem_set\Alles\F15_20250506.jpeg,F15_20250506.jpeg
F15,2025-05-07 00:00:00,,,C:\Falcker\cloud\falcker\AI\OlieDetectie\Willem_set\Alles\F15_20250507.jpeg,F15_20250507.jpeg
F15,2025-05-08 00:00:00,,,C:\Falcker\cloud\falcker\AI\OlieDetectie\Willem_set\Alles\F15_20250508.jpeg,F15_20250508.jpeg
F15,2025-05-09 00:00:00,,,C:\Falcker\cloud\falcker\AI\OlieDetectie\Willem_set\Alles\F15_20250509.jpeg,F15_20250509.jpeg
F15,2025-05-12 00:00:00,,,C:\Falcker\cloud\falcker\AI\OlieDetectie\Willem_set\Alles\F15_20250512.jpeg,F15_20250512.jpeg
F15,2025-05-13 00:00:00,,,C:\Falcker\cloud\falcker\AI\OlieDetectie\Willem_set\Alles\F15_20250513.jpeg,F15_20250513.jpeg
F15,2025-05-14 00:00:00,,,C:\Falcker\cloud\falcker\AI\OlieDetectie\Willem_set\Alles\F15_20250514.jpeg,F15_20250514.jpeg
F15,2025-05-15 00:00:00,,,C:\Falcker\cloud\falcker\AI\OlieDetectie\Willem_set\Alles\F15_20250515.jpeg,F15_20250515.jpeg
F15,2025-05-19 00:00:00,,,C:\Falcker\cloud\falcker\AI\OlieDetectie\Willem_set\Alles\F15_20250519.jpeg,F15_20250519.jpeg
F15,2025-05-20 00:00:00,,,C:\Falcker\cloud\falcker\AI\OlieDetectie\Willem_set\Alles\F15_20250520.jpeg,F15_20250520.jpeg
F15,2025-05-21 00:00:00,,,C:\Falcker\cloud\falcker\AI\OlieDetectie\Willem_set\Alles\F15_20250521.jpeg,F15_20250521.jpeg
F15,2025-05-22 00:00:00,,,C:\Falcker\cloud\falcker\AI\OlieDetectie\Willem_set\Alles\F15_20250522.jpeg,F15_20250522.jpeg
F15,2025-05-26 00:00:00,,,C:\Falcker\cloud\falcker\AI\OlieDetectie\Willem_set\Alles\F15_20250526.jpeg,F15_20250526.jpeg
F15,2025-05-29 00:00:00,,,C:\Falcker\cloud\falcker\AI\OlieDetectie\Willem_set\Alles\F15_20250529.jpeg,F15_20250529.jpeg
F15,2025-05-30 00:00:00,,,C:\Falcker\cloud\falcker\AI\OlieDetectie\Willem_set\Alles\F15_20250530.jpeg,F15_20250530.jpeg
F15,2025-06-02 00:00:00,,,C:\Falcker\cloud\falcker\AI\OlieDetectie\Willem_set\Alles\F15_20250602.jpeg,F15_20250602.jpeg
F15,2025-06-04 00:00:00,,,C:\Falcker\cloud\falcker\AI\OlieDetectie\Willem_set\Alles\F15_20250604.jpeg,F15_20250604.jpeg
F15,2025-06-05 00:00:00,,,C:\Falcker\cloud\falcker\AI\OlieDetectie\Willem_set\Alles\F15_20250605.jpeg,F15_20250605.jpeg
F15,2025-06-09 00:00:00,,,C:\Falcker\cloud\falcker\AI\OlieDetectie\Willem_set\Alles\F15_20250609.jpeg,F15_20250609.jpeg
F15,2025-06-11 00:00:00,,,C:\Falcker\cloud\falcker\AI\OlieDetectie\Willem_set\Alles\F15_20250611.jpeg,F15_20250611.jpeg
F15,2025-06-16 00:00:00,,,C:\Falcker\cloud\falcker\AI\OlieDetectie\Willem_set\Alles\F15_20250616.jpeg,F15_20250616.jpeg
F15,2025-06-17 00:00:00,,,C:\Falcker\cloud\falcker\AI\OlieDetectie\Willem_set\Alles\F15_20250617.jpeg,F15_20250617.jpeg
F15,2025-06-19 00:00:00,,,C:\Falcker\cloud\falcker\AI\OlieDetectie\Willem_set\Alles\F15_20250619.jpeg,F15_20250619.jpeg
F15,2025-06-20 00:00:00,,,C:\Falcker\cloud\falcker\AI\OlieDetectie\Willem_set\Alles\F15_20250620.jpeg,F15_20250620.jpeg
F15,2025-06-24 00:00:00,,,C:\Falcker\cloud\falcker\AI\OlieDetectie\Willem_set\Alles\F15_20250624.jpeg,F15_20250624.jpeg
F15,2025-06-25 00:00:00,,,C:\Falcker\cloud\falcker\AI\OlieDetectie\Willem_set\Alles\F15_20250625.jpeg,F15_20250625.jpeg
F15,2025-06-26 00:00:00,,,C:\Falcker\cloud\falcker\AI\OlieDetectie\Willem_set\Alles\F15_20250626.jpeg,F15_20250626.jpeg
F15,2025-06-27 00:00:00,,,C:\Falcker\cloud\falcker\AI\OlieDetectie\Willem_set\Alles\F15_20250627.jpeg,F15_20250627.jpeg
F15,2025-06-30 00:00:00,,,C:\Falcker\cloud\falcker\AI\OlieDetectie\Willem_set\Alles\F15_20250630.jpeg,F15_20250630.jpeg
F15,2025-07-01 00:00:00,,,C:\Falcker\cloud\falcker\AI\OlieDetectie\Willem_set\Alles\F15_20250701.jpeg,F15_20250701.jpeg
F51,2025-04-18 00:00:00,,,C:\Falcker\cloud\falcker\AI\OlieDetectie\Willem_set\Alles\F51_20250418.jpeg,F51_20250418.jpeg
F51,2025-04-22 00:00:00,,,C:\Falcker\cloud\falcker\AI\OlieDetectie\Willem_set\Alles\F51_20250422.jpeg,F51_20250422.jpeg
F51,2025-04-23 00:00:00,,,C:\Falcker\cloud\falcker\AI\OlieDetectie\Willem_set\Alles\F51_20250423.jpeg,F51_20250423.jpeg
F51,2025-04-24 00:00:00,,,C:\Falcker\cloud\falcker\AI\OlieDetectie\Willem_set\Alles\F51_20250424.jpeg,F51_20250424.jpeg
F51,2025-04-25 00:00:00,,,C:\Falcker\cloud\falcker\AI\OlieDetectie\Willem_set\Alles\F51_20250425.jpeg,F51_20250425.jpeg
F51,2025-04-28 00:00:00,,,C:\Falcker\cloud\falcker\AI\OlieDetectie\Willem_set\Alles\F51_20250428.jpeg,F51_20250428.jpeg
F51,2025-04-29 00:00:00,,,C:\Falcker\cloud\falcker\AI\OlieDetectie\Willem_set\Alles\F51_20250429.jpeg,F51_20250429.jpeg
F51,2025-04-30 00:00:00,,,C:\Falcker\cloud\falcker\AI\OlieDetectie\Willem_set\Alles\F51_20250430.jpeg,F51_20250430.jpeg
F51,2025-05-02 00:00:00,,,C:\Falcker\cloud\falcker\AI\OlieDetectie\Willem_set\Alles\F51_20250502.jpeg,F51_20250502.jpeg
F51,2025-05-05 00:00:00,,,C:\Falcker\cloud\falcker\AI\OlieDetectie\Willem_set\Alles\F51_20250505.jpeg,F51_20250505.jpeg
F51,2025-05-06 00:00:00,,,C:\Falcker\cloud\falcker\AI\OlieDetectie\Willem_set\Alles\F51_20250506.jpeg,F51_20250506.jpeg
F51,2025-05-07 00:00:00,,,C:\Falcker\cloud\falcker\AI\OlieDetectie\Willem_set\Alles\F51_20250507.jpeg,F51_20250507.jpeg
F51,2025-05-08 00:00:00,,,C:\Falcker\cloud\falcker\AI\OlieDetectie\Willem_set\Alles\F51_20250508.jpeg,F51_20250508.jpeg
F51,2025-05-09 00:00:00,,,C:\Falcker\cloud\falcker\AI\OlieDetectie\Willem_set\Alles\F51_20250509.jpeg,F51_20250509.jpeg
F51,2025-05-12 00:00:00,,,C:\Falcker\cloud\falcker\AI\OlieDetectie\Willem_set\Alles\F51_20250512.jpeg,F51_20250512.jpeg
F51,2025-05-13 00:00:00,,,C:\Falcker\cloud\falcker\AI\OlieDetectie\Willem_set\Alles\F51_20250513.jpeg,F51_20250513.jpeg
F51,2025-05-14 00:00:00,,,C:\Falcker\cloud\falcker\AI\OlieDetectie\Willem_set\Alles\F51_20250514.jpeg,F51_20250514.jpeg
F51,2025-05-15 00:00:00,,,C:\Falcker\cloud\falcker\AI\OlieDetectie\Willem_set\Alles\F51_20250515.jpeg,F51_20250515.jpeg
F51,2025-05-19 00:00:00,,,C:\Falcker\cloud\falcker\AI\OlieDetectie\Willem_set\Alles\F51_20250519.jpeg,F51_20250519.jpeg
F51,2025-05-20 00:00:00,,,C:\Falcker\cloud\falcker\AI\OlieDetectie\Willem_set\Alles\F51_20250520.jpeg,F51_20250520.jpeg
F51,2025-05-21 00:00:00,,,C:\Falcker\cloud\falcker\AI\OlieDetectie\Willem_set\Alles\F51_20250521.jpeg,F51_20250521.jpeg
F51,2025-05-22 00:00:00,,,C:\Falcker\cloud\falcker\AI\OlieDetectie\Willem_set\Alles\F51_20250522.jpeg,F51_20250522.jpeg
F51,2025-05-26 00:00:00,,,C:\Falcker\cloud\falcker\AI\OlieDetectie\Willem_set\Alles\F51_20250526.jpeg,F51_20250526.jpeg
F51,2025-05-29 00:00:00,,,C:\Falcker\cloud\falcker\AI\OlieDetectie\Willem_set\Alles\F51_20250529.jpeg,F51_20250529.jpeg
F51,2025-05-30 00:00:00,,,C:\Falcker\cloud\falcker\AI\OlieDetectie\Willem_set\Alles\F51_20250530.jpeg,F51_20250530.jpeg
F51,2025-06-02 00:00:00,,,C:\Falcker\cloud\falcker\AI\OlieDetectie\Willem_set\Alles\F51_20250602.jpeg,F51_20250602.jpeg
F51,2025-06-04 00:00:00,,,C:\Falcker\cloud\falcker\AI\OlieDetectie\Willem_set\Alles\F51_20250604.jpeg,F51_20250604.jpeg
F51,2025-06-09 00:00:00,,,C:\Falcker\cloud\falcker\AI\OlieDetectie\Willem_set\Alles\F51_20250609.jpeg,F51_20250609.jpeg
F51,2025-06-11 00:00:00,,,C:\Falcker\cloud\falcker\AI\OlieDetectie\Willem_set\Alles\F51_20250611.jpeg,F51_20250611.jpeg
F51,2025-06-16 00:00:00,,,C:\Falcker\cloud\falcker\AI\OlieDetectie\Willem_set\Alles\F51_20250616.jpeg,F51_20250616.jpeg
F51,2025-06-17 00:00:00,,,C:\Falcker\cloud\falcker\AI\OlieDetectie\Willem_set\Alles\F51_20250617.jpeg,F51_20250617.jpeg
F51,2025-06-19 00:00:00,,,C:\Falcker\cloud\falcker\AI\OlieDetectie\Willem_set\Alles\F51_20250619.jpeg,F51_20250619.jpeg
F51,2025-06-20 00:00:00,,,C:\Falcker\cloud\falcker\AI\OlieDetectie\Willem_set\Alles\F51_20250620.jpeg,F51_20250620.jpeg
F51,2025-06-24 00:00:00,,,C:\Falcker\cloud\falcker\AI\OlieDetectie\Willem_set\Alles\F51_20250624.jpeg,F51_20250624.jpeg
F51,2025-06-25 00:00:00,,,C:\Falcker\cloud\falcker\AI\OlieDetectie\Willem_set\Alles\F51_20250625.jpeg,F51_20250625.jpeg
F51,2025-06-26 00:00:00,,,C:\Falcker\cloud\falcker\AI\OlieDetectie\Willem_set\Alles\F51_20250626.jpeg,F51_20250626.jpeg
F51,2025-06-27 00:00:00,,,C:\Falcker\cloud\falcker\AI\OlieDetectie\Willem_set\Alles\F51_20250627.jpeg,F51_20250627.jpeg
F51,2025-06-30 00:00:00,,,C:\Falcker\cloud\falcker\AI\OlieDetectie\Willem_set\Alles\F51_20250630.jpeg,F51_20250630.jpeg
F51,2025-07-01 00:00:00,,,C:\Falcker\cloud\falcker\AI\OlieDetectie\Willem_set\Alles\F51_20250701.jpeg,F51_20250701.jpeg
F52,2025-04-18 00:00:00,,,C:\Falcker\cloud\falcker\AI\OlieDetectie\Willem_set\Alles\F52_20250418.jpeg,F52_20250418.jpeg
F52,2025-04-22 00:00:00,,,C:\Falcker\cloud\falcker\AI\OlieDetectie\Willem_set\Alles\F52_20250422.jpeg,F52_20250422.jpeg
F52,2025-04-23 00:00:00,,,C:\Falcker\cloud\falcker\AI\OlieDetectie\Willem_set\Alles\F52_20250423.jpeg,F52_20250423.jpeg
F52,2025-04-24 00:00:00,,,C:\Falcker\cloud\falcker\AI\OlieDetectie\Willem_set\Alles\F52_20250424.jpeg,F52_20250424.jpeg
F52,2025-04-25 00:00:00,,,C:\Falcker\cloud\falcker\AI\OlieDetectie\Willem_set\Alles\F52_20250425.jpeg,F52_20250425.jpeg
F52,2025-04-28 00:00:00,,,C:\Falcker\cloud\falcker\AI\OlieDetectie\Willem_set\Alles\F52_20250428.jpeg,F52_20250428.jpeg
F52,2025-04-29 00:00:00,,,C:\Falcker\cloud\falcker\AI\OlieDetectie\Willem_set\Alles\F52_20250429.jpeg,F52_20250429.jpeg
F52,2025-04-30 00:00:00,,,C:\Falcker\cloud\falcker\AI\OlieDetectie\Willem_set\Alles\F52_20250430.jpeg,F52_20250430.jpeg
F52,2025-05-02 00:00:00,,,C:\Falcker\cloud\falcker\AI\OlieDetectie\Willem_set\Alles\F52_20250502.jpeg,F52_20250502.jpeg
F52,2025-05-05 00:00:00,,,C:\Falcker\cloud\falcker\AI\OlieDetectie\Willem_set\Alles\F52_20250505.jpeg,F52_20250505.jpeg
F52,2025-05-06 00:00:00,,,C:\Falcker\cloud\falcker\AI\OlieDetectie\Willem_set\Alles\F52_20250506.jpeg,F52_20250506.jpeg
F52,2025-05-07 00:00:00,,,C:\Falcker\cloud\falcker\AI\OlieDetectie\Willem_set\Alles\F52_20250507.jpeg,F52_20250507.jpeg
F52,2025-05-08 00:00:00,,,C:\Falcker\cloud\falcker\AI\OlieDetectie\Willem_set\Alles\F52_20250508.jpeg,F52_20250508.jpeg
F52,2025-05-09 00:00:00,,,C:\Falcker\cloud\falcker\AI\OlieDetectie\Willem_set\Alles\F52_20250509.jpeg,F52_20250509.jpeg
F52,2025-05-12 00:00:00,,,C:\Falcker\cloud\falcker\AI\OlieDetectie\Willem_set\Alles\F52_20250512.jpeg,F52_20250512.jpeg
F52,2025-05-13 00:00:00,,,C:\Falcker\cloud\falcker\AI\OlieDetectie\Willem_set\Alles\F52_20250513.jpeg,F52_20250513.jpeg
F52,2025-05-14 00:00:00,,,C:\Falcker\cloud\falcker\AI\OlieDetectie\Willem_set\Alles\F52_20250514.jpeg,F52_20250514.jpeg
F52,2025-05-15 00:00:00,,,C:\Falcker\cloud\falcker\AI\OlieDetectie\Willem_set\Alles\F52_20250515.jpeg,F52_20250515.jpeg
F52,2025-05-19 00:00:00,,,C:\Falcker\cloud\falcker\AI\OlieDetectie\Willem_set\Alles\F52_20250519.jpeg,F52_20250519.jpeg
F52,2025-05-20 00:00:00,,,C:\Falcker\cloud\falcker\AI\OlieDetectie\Willem_set\Alles\F52_20250520.jpeg,F52_20250520.jpeg
F52,2025-05-21 00:00:00,,,C:\Falcker\cloud\falcker\AI\OlieDetectie\Willem_set\Alles\F52_20250521.jpeg,F52_20250521.jpeg
F52,2025-05-22 00:00:00,,,C:\Falcker\cloud\falcker\AI\OlieDetectie\Willem_set\Alles\F52_20250522.jpeg,F52_20250522.jpeg
F52,2025-05-26 00:00:00,,,C:\Falcker\cloud\falcker\AI\OlieDetectie\Willem_set\Alles\F52_20250526.jpeg,F52_20250526.jpeg
F52,2025-05-29 00:00:00,,,C:\Falcker\cloud\falcker\AI\OlieDetectie\Willem_set\Alles\F52_20250529.jpeg,F52_20250529.jpeg
F52,2025-05-30 00:00:00,,,C:\Falcker\cloud\falcker\AI\OlieDetectie\Willem_set\Alles\F52_20250530.jpeg,F52_20250530.jpeg
F52,2025-06-02 00:00:00,,,C:\Falcker\cloud\falcker\AI\OlieDetectie\Willem_set\Alles\F52_20250602.jpeg,F52_20250602.jpeg
F52,2025-06-04 00:00:00,,,C:\Falcker\cloud\falcker\AI\OlieDetectie\Willem_set\Alles\F52_20250604.jpeg,F52_20250604.jpeg
F52,2025-06-09 00:00:00,,,C:\Falcker\cloud\falcker\AI\OlieDetectie\Willem_set\Alles\F52_20250609.jpeg,F52_20250609.jpeg
F52,2025-06-11 00:00:00,,,C:\Falcker\cloud\falcker\AI\OlieDetectie\Willem_set\Alles\F52_20250611.jpeg,F52_20250611.jpeg
F52,2025-06-16 00:00:00,,,C:\Falcker\cloud\falcker\AI\OlieDetectie\Willem_set\Alles\F52_20250616.jpeg,F52_20250616.jpeg
F52,2025-06-17 00:00:00,,,C:\Falcker\cloud\falcker\AI\OlieDetectie\Willem_set\Alles\F52_20250617.jpeg,F52_20250617.jpeg
F52,2025-06-19 00:00:00,,,C:\Falcker\cloud\falcker\AI\OlieDetectie\Willem_set\Alles\F52_20250619.jpeg,F52_20250619.jpeg
F52,2025-06-20 00:00:00,,,C:\Falcker\cloud\falcker\AI\OlieDetectie\Willem_set\Alles\F52_20250620.jpeg,F52_20250620.jpeg
F52,2025-06-24 00:00:00,,,C:\Falcker\cloud\falcker\AI\OlieDetectie\Willem_set\Alles\F52_20250624.jpeg,F52_20250624.jpeg
F52,2025-06-25 00:00:00,,,C:\Falcker\cloud\falcker\AI\OlieDetectie\Willem_set\Alles\F52_20250625.jpeg,F52_20250625.jpeg
F52,2025-06-26 00:00:00,,,C:\Falcker\cloud\falcker\AI\OlieDetectie\Willem_set\Alles\F52_20250626.jpeg,F52_20250626.jpeg
F52,2025-06-27 00:00:00,,,C:\Falcker\cloud\falcker\AI\OlieDetectie\Willem_set\Alles\F52_20250627.jpeg,F52_20250627.jpeg
F52,2025-06-30 00:00:00,,,C:\Falcker\cloud\falcker\AI\OlieDetectie\Willem_set\Alles\F52_20250630.jpeg,F52_20250630.jpeg
F52,2025-07-01 00:00:00,,,C:\Falcker\cloud\falcker\AI\OlieDetectie\Willem_set\Alles\F52_20250701.jpeg,F52_20250701.jpeg
F53,2025-04-18 00:00:00,,,C:\Falcker\cloud\falcker\AI\OlieDetectie\Willem_set\Alles\F53_20250418.jpeg,F53_20250418.jpeg
F53,2025-04-22 00:00:00,,,C:\Falcker\cloud\falcker\AI\OlieDetectie\Willem_set\Alles\F53_20250422.jpeg,F53_20250422.jpeg
F53,2025-04-23 00:00:00,,,C:\Falcker\cloud\falcker\AI\OlieDetectie\Willem_set\Alles\F53_20250423.jpeg,F53_20250423.jpeg
F53,2025-04-24 00:00:00,,,C:\Falcker\cloud\falcker\AI\OlieDetectie\Willem_set\Alles\F53_20250424.jpeg,F53_20250424.jpeg
F53,2025-04-25 00:00:00,,,C:\Falcker\cloud\falcker\AI\OlieDetectie\Willem_set\Alles\F53_20250425.jpeg,F53_20250425.jpeg
F53,2025-04-28 00:00:00,,,C:\Falcker\cloud\falcker\AI\OlieDetectie\Willem_set\Alles\F53_20250428.jpeg,F53_20250428.jpeg
F53,2025-04-29 00:00:00,,,C:\Falcker\cloud\falcker\AI\OlieDetectie\Willem_set\Alles\F53_20250429.jpeg,F53_20250429.jpeg
F53,2025-04-30 00:00:00,,,C:\Falcker\cloud\falcker\AI\OlieDetectie\Willem_set\Alles\F53_20250430.jpeg,F53_20250430.jpeg
F53,2025-05-02 00:00:00,,,C:\Falcker\cloud\falcker\AI\OlieDetectie\Willem_set\Alles\F53_20250502.jpeg,F53_20250502.jpeg
F53,2025-05-05 00:00:00,,,C:\Falcker\cloud\falcker\AI\OlieDetectie\Willem_set\Alles\F53_20250505.jpeg,F53_20250505.jpeg
F53,2025-05-06 00:00:00,,,C:\Falcker\cloud\falcker\AI\OlieDetectie\Willem_set\Alles\F53_20250506.jpeg,F53_20250506.jpeg
F53,2025-05-07 00:00:00,,,C:\Falcker\cloud\falcker\AI\OlieDetectie\Willem_set\Alles\F53_20250507.jpeg,F53_20250507.jpeg
F53,2025-05-08 00:00:00,,,C:\Falcker\cloud\falcker\AI\OlieDetectie\Willem_set\Alles\F53_20250508.jpeg,F53_20250508.jpeg
F53,2025-05-09 00:00:00,,,C:\Falcker\cloud\falcker\AI\OlieDetectie\Willem_set\Alles\F53_20250509.jpeg,F53_20250509.jpeg
F53,2025-05-12 00:00:00,,,C:\Falcker\cloud\falcker\AI\OlieDetectie\Willem_set\Alles\F53_20250512.jpeg,F53_20250512.jpeg
F53,2025-05-13 00:00:00,,,C:\Falcker\cloud\falcker\AI\OlieDetectie\Willem_set\Alles\F53_20250513.jpeg,F53_20250513.jpeg
F53,2025-05-14 00:00:00,,,C:\Falcker\cloud\falcker\AI\OlieDetectie\Willem_set\Alles\F53_20250514.jpeg,F53_20250514.jpeg
F53,2025-05-15 00:00:00,,,C:\Falcker\cloud\falcker\AI\OlieDetectie\Willem_set\Alles\F53_20250515.jpeg,F53_20250515.jpeg
F53,2025-05-19 00:00:00,,,C:\Falcker\cloud\falcker\AI\OlieDetectie\Willem_set\Alles\F53_20250519.jpeg,F53_20250519.jpeg
F53,2025-05-20 00:00:00,,,C:\Falcker\cloud\falcker\AI\OlieDetectie\Willem_set\Alles\F53_20250520.jpeg,F53_20250520.jpeg
F53,2025-05-21 00:00:00,,,C:\Falcker\cloud\falcker\AI\OlieDetectie\Willem_set\Alles\F53_20250521.jpeg,F53_20250521.jpeg
F53,2025-05-22 00:00:00,,,C:\Falcker\cloud\falcker\AI\OlieDetectie\Willem_set\Alles\F53_20250522.jpeg,F53_20250522.jpeg
F53,2025-05-26 00:00:00,,,C:\Falcker\cloud\falcker\AI\OlieDetectie\Willem_set\Alles\F53_20250526.jpeg,F53_20250526.jpeg
F53,2025-05-29 00:00:00,,,C:\Falcker\cloud\falcker\AI\OlieDetectie\Willem_set\Alles\F53_20250529.jpeg,F53_20250529.jpeg
F53,2025-05-30 00:00:00,,,C:\Falcker\cloud\falcker\AI\OlieDetectie\Willem_set\Alles\F53_20250530.jpeg,F53_20250530.jpeg
F53,2025-06-02 00:00:00,,,C:\Falcker\cloud\falcker\AI\OlieDetectie\Willem_set\Alles\F53_20250602.jpeg,F53_20250602.jpeg
F53,2025-06-04 00:00:00,,,C:\Falcker\cloud\falcker\AI\OlieDetectie\Willem_set\Alles\F53_20250604.jpeg,F53_20250604.jpeg
F53,2025-06-09 00:00:00,,,C:\Falcker\cloud\falcker\AI\OlieDetectie\Willem_set\Alles\F53_20250609.jpeg,F53_20250609.jpeg
F53,2025-06-11 00:00:00,,,C:\Falcker\cloud\falcker\AI\OlieDetectie\Willem_set\Alles\F53_20250611.jpeg,F53_20250611.jpeg
F53,2025-06-16 00:00:00,,,C:\Falcker\cloud\falcker\AI\OlieDetectie\Willem_set\Alles\F53_20250616.jpeg,F53_20250616.jpeg
F53,2025-06-17 00:00:00,,,C:\Falcker\cloud\falcker\AI\OlieDetectie\Willem_set\Alles\F53_20250617.jpeg,F53_20250617.jpeg
F53,2025-06-19 00:00:00,,,C:\Falcker\cloud\falcker\AI\OlieDetectie\Willem_set\Alles\F53_20250619.jpeg,F53_20250619.jpeg
F53,2025-06-20 00:00:00,,,C:\Falcker\cloud\falcker\AI\OlieDetectie\Willem_set\Alles\F53_20250620.jpeg,F53_20250620.jpeg
F53,2025-06-24 00:00:00,,,C:\Falcker\cloud\falcker\AI\OlieDetectie\Willem_set\Alles\F53_20250624.jpeg,F53_20250624.jpeg
F53,2025-06-25 00:00:00,,,C:\Falcker\cloud\falcker\AI\OlieDetectie\Willem_set\Alles\F53_20250625.jpeg,F53_20250625.jpeg
F53,2025-06-26 00:00:00,,,C:\Falcker\cloud\falcker\AI\OlieDetectie\Willem_set\Alles\F53_20250626.jpeg,F53_20250626.jpeg
F53,2025-06-27 00:00:00,,,C:\Falcker\cloud\falcker\AI\OlieDetectie\Willem_set\Alles\F53_20250627.jpeg,F53_20250627.jpeg
F53,2025-06-30 00:00:00,,,C:\Falcker\cloud\falcker\AI\OlieDetectie\Willem_set\Alles\F53_20250630.jpeg,F53_20250630.jpeg
F53,2025-07-01 00:00:00,,,C:\Falcker\cloud\falcker\AI\OlieDetectie\Willem_set\Alles\F53_20250701.jpeg,F53_20250701.jpeg
F61,2025-04-18 00:00:00,,,C:\Falcker\cloud\falcker\AI\OlieDetectie\Willem_set\Alles\F61_20250418.jpeg,F61_20250418.jpeg
F61,2025-04-22 00:00:00,,,C:\Falcker\cloud\falcker\AI\OlieDetectie\Willem_set\Alles\F61_20250422.jpeg,F61_20250422.jpeg
F61,2025-04-23 00:00:00,,,C:\Falcker\cloud\falcker\AI\OlieDetectie\Willem_set\Alles\F61_20250423.jpeg,F61_20250423.jpeg
F61,2025-04-24 00:00:00,,,C:\Falcker\cloud\falcker\AI\OlieDetectie\Willem_set\Alles\F61_20250424.jpeg,F61_20250424.jpeg
F61,2025-04-25 00:00:00,,,C:\Falcker\cloud\falcker\AI\OlieDetectie\Willem_set\Alles\F61_20250425.jpeg,F61_20250425.jpeg
F61,2025-04-28 00:00:00,,,C:\Falcker\cloud\falcker\AI\OlieDetectie\Willem_set\Alles\F61_20250428.jpeg,F61_20250428.jpeg
F61,2025-04-29 00:00:00,,,C:\Falcker\cloud\falcker\AI\OlieDetectie\Willem_set\Alles\F61_20250429.jpeg,F61_20250429.jpeg
F61,2025-04-30 00:00:00,,,C:\Falcker\cloud\falcker\AI\OlieDetectie\Willem_set\Alles\F61_20250430.jpeg,F61_20250430.jpeg
F61,2025-05-02 00:00:00,,,C:\Falcker\cloud\falcker\AI\OlieDetectie\Willem_set\Alles\F61_20250502.jpeg,F61_20250502.jpeg
F61,2025-05-05 00:00:00,,,C:\Falcker\cloud\falcker\AI\OlieDetectie\Willem_set\Alles\F61_20250505.jpeg,F61_20250505.jpeg
F61,2025-05-06 00:00:00,,,C:\Falcker\cloud\falcker\AI\OlieDetectie\Willem_set\Alles\F61_20250506.jpeg,F61_20250506.jpeg
F61,2025-05-07 00:00:00,,,C:\Falcker\cloud\falcker\AI\OlieDetectie\Willem_set\Alles\F61_20250507.jpeg,F61_20250507.jpeg
F61,2025-05-08 00:00:00,,,C:\Falcker\cloud\falcker\AI\OlieDetectie\Willem_set\Alles\F61_20250508.jpeg,F61_20250508.jpeg
F61,2025-05-09 00:00:00,,,C:\Falcker\cloud\falcker\AI\OlieDetectie\Willem_set\Alles\F61_20250509.jpeg,F61_20250509.jpeg
F61,2025-05-12 00:00:00,,,C:\Falcker\cloud\falcker\AI\OlieDetectie\Willem_set\Alles\F61_20250512.jpeg,F61_20250512.jpeg
F61,2025-05-13 00:00:00,,,C:\Falcker\cloud\falcker\AI\OlieDetectie\Willem_set\Alles\F61_20250513.jpeg,F61_20250513.jpeg
F61,2025-05-14 00:00:00,,,C:\Falcker\cloud\falcker\AI\OlieDetectie\Willem_set\Alles\F61_20250514.jpeg,F61_20250514.jpeg
F61,2025-05-15 00:00:00,,,C:\Falcker\cloud\falcker\AI\OlieDetectie\Willem_set\Alles\F61_20250515.jpeg,F61_20250515.jpeg
F61,2025-05-19 00:00:00,,,C:\Falcker\cloud\falcker\AI\OlieDetectie\Willem_set\Alles\F61_20250519.jpeg,F61_20250519.jpeg
F61,2025-05-20 00:00:00,,,C:\Falcker\cloud\falcker\AI\OlieDetectie\Willem_set\Alles\F61_20250520.jpeg,F61_20250520.jpeg
F61,2025-05-21 00:00:00,,,C:\Falcker\cloud\falcker\AI\OlieDetectie\Willem_set\Alles\F61_20250521.jpeg,F61_20250521.jpeg
F61,2025-05-22 00:00:00,,,C:\Falcker\cloud\falcker\AI\OlieDetectie\Willem_set\Alles\F61_20250522.jpeg,F61_20250522.jpeg
F61,2025-05-26 00:00:00,,,C:\Falcker\cloud\falcker\AI\OlieDetectie\Willem_set\Alles\F61_20250526.jpeg,F61_20250526.jpeg
F61,2025-05-29 00:00:00,,,C:\Falcker\cloud\falcker\AI\OlieDetectie\Willem_set\Alles\F61_20250529.jpeg,F61_20250529.jpeg
F61,2025-05-30 00:00:00,,,C:\Falcker\cloud\falcker\AI\OlieDetectie\Willem_set\Alles\F61_20250530.jpeg,F61_20250530.jpeg
F61,2025-06-02 00:00:00,,,C:\Falcker\cloud\falcker\AI\OlieDetectie\Willem_set\Alles\F61_20250602.jpeg,F61_20250602.jpeg
F61,2025-06-04 00:00:00,,,C:\Falcker\cloud\falcker\AI\OlieDetectie\Willem_set\Alles\F61_20250604.jpeg,F61_20250604.jpeg
F61,2025-06-09 00:00:00,,,C:\Falcker\cloud\falcker\AI\OlieDetectie\Willem_set\Alles\F61_20250609.jpeg,F61_20250609.jpeg
F61,2025-06-11 00:00:00,,,C:\Falcker\cloud\falcker\AI\OlieDetectie\Willem_set\Alles\F61_20250611.jpeg,F61_20250611.jpeg
F61,2025-06-16 00:00:00,,,C:\Falcker\cloud\falcker\AI\OlieDetectie\Willem_set\Alles\F61_20250616.jpeg,F61_20250616.jpeg
F61,2025-06-17 00:00:00,,,C:\Falcker\cloud\falcker\AI\OlieDetectie\Willem_set\Alles\F61_20250617.jpeg,F61_20250617.jpeg
F61,2025-06-19 00:00:00,,,C:\Falcker\cloud\falcker\AI\OlieDetectie\Willem_set\Alles\F61_20250619.jpeg,F61_20250619.jpeg
F61,2025-06-20 00:00:00,,,C:\Falcker\cloud\falcker\AI\OlieDetectie\Willem_set\Alles\F61_20250620.jpeg,F61_20250620.jpeg
F61,2025-06-24 00:00:00,,,C:\Falcker\cloud\falcker\AI\OlieDetectie\Willem_set\Alles\F61_20250624.jpeg,F61_20250624.jpeg
F61,2025-06-25 00:00:00,,,C:\Falcker\cloud\falcker\AI\OlieDetectie\Willem_set\Alles\F61_20250625.jpeg,F61_20250625.jpeg
F61,2025-06-26 00:00:00,,,C:\Falcker\cloud\falcker\AI\OlieDetectie\Willem_set\Alles\F61_20250626.jpeg,F61_20250626.jpeg
F61,2025-06-27 00:00:00,,,C:\Falcker\cloud\falcker\AI\OlieDetectie\Willem_set\Alles\F61_20250627.jpeg,F61_20250627.jpeg
F61,2025-06-30 00:00:00,,,C:\Falcker\cloud\falcker\AI\OlieDetectie\Willem_set\Alles\F61_20250630.jpeg,F61_20250630.jpeg
F61,2025-07-01 00:00:00,,,C:\Falcker\cloud\falcker\AI\OlieDetectie\Willem_set\Alles\F61_20250701.jpeg,F61_20250701.jpeg
F62,2025-04-18 00:00:00,,,C:\Falcker\cloud\falcker\AI\OlieDetectie\Willem_set\Alles\F62_20250418.jpeg,F62_20250418.jpeg
F62,2025-04-22 00:00:00,,,C:\Falcker\cloud\falcker\AI\OlieDetectie\Willem_set\Alles\F62_20250422.jpeg,F62_20250422.jpeg
F62,2025-04-23 00:00:00,,,C:\Falcker\cloud\falcker\AI\OlieDetectie\Willem_set\Alles\F62_20250423.jpeg,F62_20250423.jpeg
F62,2025-04-24 00:00:00,,,C:\Falcker\cloud\falcker\AI\OlieDetectie\Willem_set\Alles\F62_20250424.jpeg,F62_20250424.jpeg
F62,2025-04-25 00:00:00,,,C:\Falcker\cloud\falcker\AI\OlieDetectie\Willem_set\Alles\F62_20250425.jpeg,F62_20250425.jpeg
F62,2025-04-28 00:00:00,,,C:\Falcker\cloud\falcker\AI\OlieDetectie\Willem_set\Alles\F62_20250428.jpeg,F62_20250428.jpeg
F62,2025-04-29 00:00:00,,,C:\Falcker\cloud\falcker\AI\OlieDetectie\Willem_set\Alles\F62_20250429.jpeg,F62_20250429.jpeg
F62,2025-04-30 00:00:00,,,C:\Falcker\cloud\falcker\AI\OlieDetectie\Willem_set\Alles\F62_20250430.jpeg,F62_20250430.jpeg
F62,2025-05-02 00:00:00,,,C:\Falcker\cloud\falcker\AI\OlieDetectie\Willem_set\Alles\F62_20250502.jpeg,F62_20250502.jpeg
F62,2025-05-05 00:00:00,,,C:\Falcker\cloud\falcker\AI\OlieDetectie\Willem_set\Alles\F62_20250505.jpeg,F62_20250505.jpeg
F62,2025-05-06 00:00:00,,,C:\Falcker\cloud\falcker\AI\OlieDetectie\Willem_set\Alles\F62_20250506.jpeg,F62_20250506.jpeg
F62,2025-05-07 00:00:00,,,C:\Falcker\cloud\falcker\AI\OlieDetectie\Willem_set\Alles\F62_20250507.jpeg,F62_20250507.jpeg
F62,2025-05-08 00:00:00,,,C:\Falcker\cloud\falcker\AI\OlieDetectie\Willem_set\Alles\F62_20250508.jpeg,F62_20250508.jpeg
F62,2025-05-09 00:00:00,,,C:\Falcker\cloud\falcker\AI\OlieDetectie\Willem_set\Alles\F62_20250509.jpeg,F62_20250509.jpeg
F62,2025-05-12 00:00:00,,,C:\Falcker\cloud\falcker\AI\OlieDetectie\Willem_set\Alles\F62_20250512.jpeg,F62_20250512.jpeg
F62,2025-05-13 00:00:00,,,C:\Falcker\cloud\falcker\AI\OlieDetectie\Willem_set\Alles\F62_20250513.jpeg,F62_20250513.jpeg
F62,2025-05-14 00:00:00,,,C:\Falcker\cloud\falcker\AI\OlieDetectie\Willem_set\Alles\F62_20250514.jpeg,F62_20250514.jpeg
F62,2025-05-15 00:00:00,,,C:\Falcker\cloud\falcker\AI\OlieDetectie\Willem_set\Alles\F62_20250515.jpeg,F62_20250515.jpeg
F62,2025-05-19 00:00:00,,,C:\Falcker\cloud\falcker\AI\OlieDetectie\Willem_set\Alles\F62_20250519.jpeg,F62_20250519.jpeg
F62,2025-05-20 00:00:00,,,C:\Falcker\cloud\falcker\AI\OlieDetectie\Willem_set\Alles\F62_20250520.jpeg,F62_20250520.jpeg
F62,2025-05-21 00:00:00,,,C:\Falcker\cloud\falcker\AI\OlieDetectie\Willem_set\Alles\F62_20250521.jpeg,F62_20250521.jpeg
F62,2025-05-22 00:00:00,,,C:\Falcker\cloud\falcker\AI\OlieDetectie\Willem_set\Alles\F62_20250522.jpeg,F62_20250522.jpeg
F62,2025-05-26 00:00:00,,,C:\Falcker\cloud\falcker\AI\OlieDetectie\Willem_set\Alles\F62_20250526.jpeg,F62_20250526.jpeg
F62,2025-05-29 00:00:00,,,C:\Falcker\cloud\falcker\AI\OlieDetectie\Willem_set\Alles\F62_20250529.jpeg,F62_20250529.jpeg
F62,2025-05-30 00:00:00,,,C:\Falcker\cloud\falcker\AI\OlieDetectie\Willem_set\Alles\F62_20250530.jpeg,F62_20250530.jpeg
F62,2025-06-02 00:00:00,,,C:\Falcker\cloud\falcker\AI\OlieDetectie\Willem_set\Alles\F62_20250602.jpeg,F62_20250602.jpeg
F62,2025-06-04 00:00:00,,,C:\Falcker\cloud\falcker\AI\OlieDetectie\Willem_set\Alles\F62_20250604.jpeg,F62_20250604.jpeg
F62,2025-06-09 00:00:00,,,C:\Falcker\cloud\falcker\AI\OlieDetectie\Willem_set\Alles\F62_20250609.jpeg,F62_20250609.jpeg
F62,2025-06-11 00:00:00,,,C:\Falcker\cloud\falcker\AI\OlieDetectie\Willem_set\Alles\F62_20250611.jpeg,F62_20250611.jpeg
F62,2025-06-16 00:00:00,,,C:\Falcker\cloud\falcker\AI\OlieDetectie\Willem_set\Alles\F62_20250616.jpeg,F62_20250616.jpeg
F62,2025-06-17 00:00:00,,,C:\Falcker\cloud\falcker\AI\OlieDetectie\Willem_set\Alles\F62_20250617.jpeg,F62_20250617.jpeg
F62,2025-06-19 00:00:00,,,C:\Falcker\cloud\falcker\AI\OlieDetectie\Willem_set\Alles\F62_20250619.jpeg,F62_20250619.jpeg
F62,2025-06-20 00:00:00,,,C:\Falcker\cloud\falcker\AI\OlieDetectie\Willem_set\Alles\F62_20250620.jpeg,F62_20250620.jpeg
F62,2025-06-24 00:00:00,,,C:\Falcker\cloud\falcker\AI\OlieDetectie\Willem_set\Alles\F62_20250624.jpeg,F62_20250624.jpeg
F62,2025-06-25 00:00:00,,,C:\Falcker\cloud\falcker\AI\OlieDetectie\Willem_set\Alles\F62_20250625.jpeg,F62_20250625.jpeg
F62,2025-06-26 00:00:00,,,C:\Falcker\cloud\falcker\AI\OlieDetectie\Willem_set\Alles\F62_20250626.jpeg,F62_20250626.jpeg
F62,2025-06-27 00:00:00,,,C:\Falcker\cloud\falcker\AI\OlieDetectie\Willem_set\Alles\F62_20250627.jpeg,F62_20250627.jpeg
F62,2025-06-30 00:00:00,,,C:\Falcker\cloud\falcker\AI\OlieDetectie\Willem_set\Alles\F62_20250630.jpeg,F62_20250630.jpeg
F62,2025-07-01 00:00:00,,,C:\Falcker\cloud\falcker\AI\OlieDetectie\Willem_set\Alles\F62_20250701.jpeg,F62_20250701.jpeg
F63,2025-04-18 00:00:00,,,C:\Falcker\cloud\falcker\AI\OlieDetectie\Willem_set\Alles\F63_20250418.jpeg,F63_20250418.jpeg
F63,2025-04-22 00:00:00,,,C:\Falcker\cloud\falcker\AI\OlieDetectie\Willem_set\Alles\F63_20250422.jpeg,F63_20250422.jpeg
F63,2025-04-23 00:00:00,,,C:\Falcker\cloud\falcker\AI\OlieDetectie\Willem_set\Alles\F63_20250423.jpeg,F63_20250423.jpeg
F63,2025-04-24 00:00:00,,,C:\Falcker\cloud\falcker\AI\OlieDetectie\Willem_set\Alles\F63_20250424.jpeg,F63_20250424.jpeg
F63,2025-04-25 00:00:00,,,C:\Falcker\cloud\falcker\AI\OlieDetectie\Willem_set\Alles\F63_20250425.jpeg,F63_20250425.jpeg
F63,2025-04-28 00:00:00,,,C:\Falcker\cloud\falcker\AI\OlieDetectie\Willem_set\Alles\F63_20250428.jpeg,F63_20250428.jpeg
F63,2025-04-29 00:00:00,,,C:\Falcker\cloud\falcker\AI\OlieDetectie\Willem_set\Alles\F63_20250429.jpeg,F63_20250429.jpeg
F63,2025-04-30 00:00:00,,,C:\Falcker\cloud\falcker\AI\OlieDetectie\Willem_set\Alles\F63_20250430.jpeg,F63_20250430.jpeg
F63,2025-05-02 00:00:00,,,C:\Falcker\cloud\falcker\AI\OlieDetectie\Willem_set\Alles\F63_20250502.jpeg,F63_20250502.jpeg
F63,2025-05-05 00:00:00,,,C:\Falcker\cloud\falcker\AI\OlieDetectie\Willem_set\Alles\F63_20250505.jpeg,F63_20250505.jpeg
F63,2025-05-06 00:00:00,,,C:\Falcker\cloud\falcker\AI\OlieDetectie\Willem_set\Alles\F63_20250506.jpeg,F63_20250506.jpeg
F63,2025-05-07 00:00:00,,,C:\Falcker\cloud\falcker\AI\OlieDetectie\Willem_set\Alles\F63_20250507.jpeg,F63_20250507.jpeg
F63,2025-05-08 00:00:00,,,C:\Falcker\cloud\falcker\AI\OlieDetectie\Willem_set\Alles\F63_20250508.jpeg,F63_20250508.jpeg
F63,2025-05-09 00:00:00,,,C:\Falcker\cloud\falcker\AI\OlieDetectie\Willem_set\Alles\F63_20250509.jpeg,F63_20250509.jpeg
F63,2025-05-12 00:00:00,,,C:\Falcker\cloud\falcker\AI\OlieDetectie\Willem_set\Alles\F63_20250512.jpeg,F63_20250512.jpeg
F63,2025-05-13 00:00:00,,,C:\Falcker\cloud\falcker\AI\OlieDetectie\Willem_set\Alles\F63_20250513.jpeg,F63_20250513.jpeg
F63,2025-05-14 00:00:00,,,C:\Falcker\cloud\falcker\AI\OlieDetectie\Willem_set\Alles\F63_20250514.jpeg,F63_20250514.jpeg
F63,2025-05-15 00:00:00,,,C:\Falcker\cloud\falcker\AI\OlieDetectie\Willem_set\Alles\F63_20250515.jpeg,F63_20250515.jpeg
F63,2025-05-19 00:00:00,,,C:\Falcker\cloud\falcker\AI\OlieDetectie\Willem_set\Alles\F63_20250519.jpeg,F63_20250519.jpeg
F63,2025-05-20 00:00:00,,,C:\Falcker\cloud\falcker\AI\OlieDetectie\Willem_set\Alles\F63_20250520.jpeg,F63_20250520.jpeg
F63,2025-05-21 00:00:00,,,C:\Falcker\cloud\falcker\AI\OlieDetectie\Willem_set\Alles\F63_20250521.jpeg,F63_20250521.jpeg
F63,2025-05-22 00:00:00,,,C:\Falcker\cloud\falcker\AI\OlieDetectie\Willem_set\Alles\F63_20250522.jpeg,F63_20250522.jpeg
F63,2025-05-26 00:00:00,,,C:\Falcker\cloud\falcker\AI\OlieDetectie\Willem_set\Alles\F63_20250526.jpeg,F63_20250526.jpeg
F63,2025-05-29 00:00:00,,,C:\Falcker\cloud\falcker\AI\OlieDetectie\Willem_set\Alles\F63_20250529.jpeg,F63_20250529.jpeg
F63,2025-05-30 00:00:00,,,C:\Falcker\cloud\falcker\AI\OlieDetectie\Willem_set\Alles\F63_20250530.jpeg,F63_20250530.jpeg
F63,2025-06-02 00:00:00,,,C:\Falcker\cloud\falcker\AI\OlieDetectie\Willem_set\Alles\F63_20250602.jpeg,F63_20250602.jpeg
F63,2025-06-04 00:00:00,,,C:\Falcker\cloud\falcker\AI\OlieDetectie\Willem_set\Alles\F63_20250604.jpeg,F63_20250604.jpeg
F63,2025-06-09 00:00:00,,,C:\Falcker\cloud\falcker\AI\OlieDetectie\Willem_set\Alles\F63_20250609.jpeg,F63_20250609.jpeg
F63,2025-06-11 00:00:00,,,C:\Falcker\cloud\falcker\AI\OlieDetectie\Willem_set\Alles\F63_20250611.jpeg,F63_20250611.jpeg
F63,2025-06-16 00:00:00,,,C:\Falcker\cloud\falcker\AI\OlieDetectie\Willem_set\Alles\F63_20250616.jpeg,F63_20250616.jpeg
F63,2025-06-17 00:00:00,,,C:\Falcker\cloud\falcker\AI\OlieDetectie\Willem_set\Alles\F63_20250617.jpeg,F63_20250617.jpeg
F63,2025-06-19 00:00:00,,,C:\Falcker\cloud\falcker\AI\OlieDetectie\Willem_set\Alles\F63_20250619.jpeg,F63_20250619.jpeg
F63,2025-06-20 00:00:00,,,C:\Falcker\cloud\falcker\AI\OlieDetectie\Willem_set\Alles\F63_20250620.jpeg,F63_20250620.jpeg
F63,2025-06-24 00:00:00,,,C:\Falcker\cloud\falcker\AI\OlieDetectie\Willem_set\Alles\F63_20250624.jpeg,F63_20250624.jpeg
F63,2025-06-25 00:00:00,,,C:\Falcker\cloud\falcker\AI\OlieDetectie\Willem_set\Alles\F63_20250625.jpeg,F63_20250625.jpeg
F63,2025-06-26 00:00:00,,,C:\Falcker\cloud\falcker\AI\OlieDetectie\Willem_set\Alles\F63_20250626.jpeg,F63_20250626.jpeg
F63,2025-06-27 00:00:00,,,C:\Falcker\cloud\falcker\AI\OlieDetectie\Willem_set\Alles\F63_20250627.jpeg,F63_20250627.jpeg
F63,2025-06-30 00:00:00,,,C:\Falcker\cloud\falcker\AI\OlieDetectie\Willem_set\Alles\F63_20250630.jpeg,F63_20250630.jpeg
F63,2025-07-01 00:00:00,,,C:\Falcker\cloud\falcker\AI\OlieDetectie\Willem_set\Alles\F63_20250701.jpeg,F63_20250701.jpeg
F64,2025-04-18 00:00:00,,,C:\Falcker\cloud\falcker\AI\OlieDetectie\Willem_set\Alles\F64_20250418.jpeg,F64_20250418.jpeg
F64,2025-04-22 00:00:00,,,C:\Falcker\cloud\falcker\AI\OlieDetectie\Willem_set\Alles\F64_20250422.jpeg,F64_20250422.jpeg
F64,2025-04-23 00:00:00,,,C:\Falcker\cloud\falcker\AI\OlieDetectie\Willem_set\Alles\F64_20250423.jpeg,F64_20250423.jpeg
F64,2025-04-24 00:00:00,,,C:\Falcker\cloud\falcker\AI\OlieDetectie\Willem_set\Alles\F64_20250424.jpeg,F64_20250424.jpeg
F64,2025-04-25 00:00:00,,,C:\Falcker\cloud\falcker\AI\OlieDetectie\Willem_set\Alles\F64_20250425.jpeg,F64_20250425.jpeg
F64,2025-04-28 00:00:00,,,C:\Falcker\cloud\falcker\AI\OlieDetectie\Willem_set\Alles\F64_20250428.jpeg,F64_20250428.jpeg
F64,2025-04-29 00:00:00,,,C:\Falcker\cloud\falcker\AI\OlieDetectie\Willem_set\Alles\F64_20250429.jpeg,F64_20250429.jpeg
F64,2025-04-30 00:00:00,,,C:\Falcker\cloud\falcker\AI\OlieDetectie\Willem_set\Alles\F64_20250430.jpeg,F64_20250430.jpeg
F64,2025-05-02 00:00:00,,,C:\Falcker\cloud\falcker\AI\OlieDetectie\Willem_set\Alles\F64_20250502.jpeg,F64_20250502.jpeg
F64,2025-05-05 00:00:00,,,C:\Falcker\cloud\falcker\AI\OlieDetectie\Willem_set\Alles\F64_20250505.jpeg,F64_20250505.jpeg
F64,2025-05-06 00:00:00,,,C:\Falcker\cloud\falcker\AI\OlieDetectie\Willem_set\Alles\F64_20250506.jpeg,F64_20250506.jpeg
F64,2025-05-07 00:00:00,,,C:\Falcker\cloud\falcker\AI\OlieDetectie\Willem_set\Alles\F64_20250507.jpeg,F64_20250507.jpeg
F64,2025-05-08 00:00:00,,,C:\Falcker\cloud\falcker\AI\OlieDetectie\Willem_set\Alles\F64_20250508.jpeg,F64_20250508.jpeg
F64,2025-05-09 00:00:00,,,C:\Falcker\cloud\falcker\AI\OlieDetectie\Willem_set\Alles\F64_20250509.jpeg,F64_20250509.jpeg
F64,2025-05-12 00:00:00,,,C:\Falcker\cloud\falcker\AI\OlieDetectie\Willem_set\Alles\F64_20250512.jpeg,F64_20250512.jpeg
F64,2025-05-13 00:00:00,,,C:\Falcker\cloud\falcker\AI\OlieDetectie\Willem_set\Alles\F64_20250513.jpeg,F64_20250513.jpeg
F64,2025-05-14 00:00:00,,,C:\Falcker\cloud\falcker\AI\OlieDetectie\Willem_set\Alles\F64_20250514.jpeg,F64_20250514.jpeg
F64,2025-05-15 00:00:00,,,C:\Falcker\cloud\falcker\AI\OlieDetectie\Willem_set\Alles\F64_20250515.jpeg,F64_20250515.jpeg
F64,2025-05-19 00:00:00,,,C:\Falcker\cloud\falcker\AI\OlieDetectie\Willem_set\Alles\F64_20250519.jpeg,F64_20250519.jpeg
F64,2025-05-20 00:00:00,,,C:\Falcker\cloud\falcker\AI\OlieDetectie\Willem_set\Alles\F64_20250520.jpeg,F64_20250520.jpeg
F64,2025-05-21 00:00:00,,,C:\Falcker\cloud\falcker\AI\OlieDetectie\Willem_set\Alles\F64_20250521.jpeg,F64_20250521.jpeg
F64,2025-05-22 00:00:00,,,C:\Falcker\cloud\falcker\AI\OlieDetectie\Willem_set\Alles\F64_20250522.jpeg,F64_20250522.jpeg
F64,2025-05-26 00:00:00,,,C:\Falcker\cloud\falcker\AI\OlieDetectie\Willem_set\Alles\F64_20250526.jpeg,F64_20250526.jpeg
F64,2025-05-29 00:00:00,,,C:\Falcker\cloud\falcker\AI\OlieDetectie\Willem_set\Alles\F64_20250529.jpeg,F64_20250529.jpeg
F64,2025-05-30 00:00:00,,,C:\Falcker\cloud\falcker\AI\OlieDetectie\Willem_set\Alles\F64_20250530.jpeg,F64_20250530.jpeg
F64,2025-06-02 00:00:00,,,C:\Falcker\cloud\falcker\AI\OlieDetectie\Willem_set\Alles\F64_20250602.jpeg,F64_20250602.jpeg
F64,2025-06-04 00:00:00,,,C:\Falcker\cloud\falcker\AI\OlieDetectie\Willem_set\Alles\F64_20250604.jpeg,F64_20250604.jpeg
F64,2025-06-09 00:00:00,,,C:\Falcker\cloud\falcker\AI\OlieDetectie\Willem_set\Alles\F64_20250609.jpeg,F64_20250609.jpeg
F64,2025-06-11 00:00:00,,,C:\Falcker\cloud\falcker\AI\OlieDetectie\Willem_set\Alles\F64_20250611.jpeg,F64_20250611.jpeg
F64,2025-06-16 00:00:00,,,C:\Falcker\cloud\falcker\AI\OlieDetectie\Willem_set\Alles\F64_20250616.jpeg,F64_20250616.jpeg
F64,2025-06-17 00:00:00,,,C:\Falcker\cloud\falcker\AI\OlieDetectie\Willem_set\Alles\F64_20250617.jpeg,F64_20250617.jpeg
F64,2025-06-19 00:00:00,,,C:\Falcker\cloud\falcker\AI\OlieDetectie\Willem_set\Alles\F64_20250619.jpeg,F64_20250619.jpeg
F64,2025-06-20 00:00:00,,,C:\Falcker\cloud\falcker\AI\OlieDetectie\Willem_set\Alles\F64_20250620.jpeg,F64_20250620.jpeg
F64,2025-06-24 00:00:00,,,C:\Falcker\cloud\falcker\AI\OlieDetectie\Willem_set\Alles\F64_20250624.jpeg,F64_20250624.jpeg
F64,2025-06-25 00:00:00,,,C:\Falcker\cloud\falcker\AI\OlieDetectie\Willem_set\Alles\F64_20250625.jpeg,F64_20250625.jpeg
F64,2025-06-26 00:00:00,,,C:\Falcker\cloud\falcker\AI\OlieDetectie\Willem_set\Alles\F64_20250626.jpeg,F64_20250626.jpeg
F64,2025-06-27 00:00:00,,,C:\Falcker\cloud\falcker\AI\OlieDetectie\Willem_set\Alles\F64_20250627.jpeg,F64_20250627.jpeg
F64,2025-06-30 00:00:00,,,C:\Falcker\cloud\falcker\AI\OlieDetectie\Willem_set\Alles\F64_20250630.jpeg,F64_20250630.jpeg
F64,2025-07-01 00:00:00,,,C:\Falcker\cloud\falcker\AI\OlieDetectie\Willem_set\Alles\F64_20250701.jpeg,F64_20250701.jpeg
